,Unnamed: 0.2,Unnamed: 0.1,Unnamed: 0,artist,title,Wonder,Transcendence,Nostalgia,Tenderness,Peacefulness,Joy,Power,Tension,Sadness,Sublimity,Vitality,Unease,ICC,Familiarity,Liking,Spotify ID,Youtube Clip,Youtube ID,Youtube Start-Time,Youtube End-Time,Path,genre
0,0,0,1,The Thrillseekers,Synaesthesia (Fly Away) - Radio Edit,15.75,16.12,16.12,8.25,5.88,41.62,40.69,20.69,2.75,12.43,41.16,11.72,0.83,1.12,2.44,5QdgpcfAw8EbsupH0B6BpI,,,,,tracks/5QdgpcfAw8EbsupH0B6BpI.mp3,electronic
1,1,1,2,Jorge Ben,Ponta de lanï¿½a africano (Umbabarauma),23.0,15.96,7.57,2.3,13.22,46.3,32.09,14.35,1.22,12.41,39.2,7.78,0.93,1.09,2.78,0jayFuH5lbwOOVeJnwDgGf,,,,,tracks/0jayFuH5lbwOOVeJnwDgGf.mp3,jazz
2,2,2,3,Lamb,Heaven,12.6,17.5,22.75,14.8,15.65,13.35,26.0,15.05,11.3,16.66,19.68,13.18,-0.37,1.3,2.45,0bjTW3zBohWdYy2z1Sf5hJ,,,,,tracks/0bjTW3zBohWdYy2z1Sf5hJ.mp3,electronic
3,3,3,4,Milton Nascimento,Cais,13.41,7.82,13.47,19.94,25.59,1.82,5.18,8.35,16.88,16.05,3.5,12.62,0.67,1.12,2.35,1PVLHOm7WUbZMChq8JAFW9,,,,,tracks/1PVLHOm7WUbZMChq8JAFW9.mp3,jazz
4,4,4,5,Kylie Minogue,Please Stay (7th District Radio Mix),13.92,12.5,10.29,6.92,8.08,36.67,31.12,16.04,1.58,10.34,33.9,8.81,0.89,1.04,2.5,5MqHbBqicUU0wyXwk7TJR7,,,,,tracks/5MqHbBqicUU0wyXwk7TJR7.mp3,pop
5,5,5,6,Ace of Base,Lucky Love,29.5,20.86,38.0,15.14,20.29,58.29,36.29,12.93,5.0,24.76,47.29,8.96,0.91,1.36,2.86,2O5MugeVVDlVs4ThMCy1Lm,,,,,tracks/2O5MugeVVDlVs4ThMCy1Lm.mp3,pop
6,6,6,7,Seal,Kiss From A Rose,25.19,23.33,40.43,35.62,30.9,26.86,29.9,8.95,12.14,31.1,28.38,10.55,0.82,3.33,3.67,3YKptz29AsOlm7WAVnztBh,,,,,tracks/3YKptz29AsOlm7WAVnztBh.mp3,pop
7,7,7,8,Ashley Tisdale,Suddenly,27.5,25.27,27.27,35.14,42.05,10.64,17.36,5.05,27.82,31.45,14.0,16.43,0.82,1.59,2.86,6YD8kmD2SQw5uwQGFZ9W9n,,,,,tracks/6YD8kmD2SQw5uwQGFZ9W9n.mp3,pop
8,8,8,9,Donny Hathaway,Someday We'll All Be Free,21.3,10.75,27.85,28.25,43.6,18.75,7.15,4.6,7.85,26.35,12.95,6.22,0.9,1.3,2.7,5J5rzvpYAQHlELldedLT9X,,,,,tracks/5J5rzvpYAQHlELldedLT9X.mp3,funk_soul
9,9,9,10,Warning,Echoes,15.54,18.38,15.54,4.08,7.38,14.58,37.69,20.08,10.73,12.18,26.13,15.4,0.82,1.12,2.62,3GU59OzCMZvscGqSG4Lg0y,,,,,tracks/3GU59OzCMZvscGqSG4Lg0y.mp3,rock
10,10,10,11,Busted,Over Now,17.84,12.08,34.72,21.44,10.8,24.04,25.8,13.16,23.16,19.38,24.92,18.16,0.62,1.48,2.92,70uvMWoagPhT9NeymzQxav,,,,,tracks/70uvMWoagPhT9NeymzQxav.mp3,rock
11,11,11,12,George Michael,Careless Whisper,40.48,34.86,69.33,56.81,37.86,39.19,31.1,8.86,32.52,47.87,35.14,20.69,0.88,4.57,4.38,4jDmJ51x1o9NZB5Nxxc7gY,,,,,tracks/4jDmJ51x1o9NZB5Nxxc7gY.mp3,pop
12,12,12,13,Hot Chocolate,You Sexy Thing,23.28,15.07,37.28,28.07,26.66,48.72,28.52,6.66,5.41,26.07,38.62,6.03,0.91,2.69,3.31,714hERk9U1W8FMYkoC83CO,,,,,tracks/714hERk9U1W8FMYkoC83CO.mp3,funk_soul
13,13,13,14,The Saturdays,Forever Is Over,15.93,17.4,17.47,9.4,7.27,29.53,37.13,11.4,8.93,13.49,33.33,10.17,0.73,1.2,2.27,6mSqWsqiv9LLPPKxrwh3yU,,,,,tracks/6mSqWsqiv9LLPPKxrwh3yU.mp3,pop
14,14,14,15,Carpenters,We've Only Just Begun,28.38,16.72,50.72,43.28,46.03,29.45,7.34,2.28,8.14,37.03,18.4,5.21,0.95,2.41,3.28,3m167vBQI5YLK0a1m6L6Y1,,,,,tracks/3m167vBQI5YLK0a1m6L6Y1.mp3,pop
15,15,15,16,Jam & Spoon,Right in the Night (Fall in Love With Music),20.92,29.33,23.33,19.33,22.58,40.83,33.25,11.58,8.33,23.1,37.04,9.96,0.71,1.75,3.25,6x6G0shZs4Qg4YLfLbhR7z,,,,,tracks/6x6G0shZs4Qg4YLfLbhR7z.mp3,electronic
16,16,16,17,Novos Baianos,Curto De Vï¿½u E Grinalda,13.47,12.68,9.68,7.16,7.0,33.68,38.84,18.21,2.26,10.0,36.26,10.24,0.89,1.21,2.37,7rFNyShNdXvg4j6qK9lBSC,,,,,tracks/7rFNyShNdXvg4j6qK9lBSC.mp3,funk_soul
17,17,17,18,Bjï¿½rk,Possibly Maybe (Live),14.75,13.3,13.45,20.65,20.9,11.4,4.45,18.1,17.45,16.61,7.92,17.77,0.27,1.25,1.95,4SngFKTnu9FbOldhGvHUlG,,,,,tracks/4SngFKTnu9FbOldhGvHUlG.mp3,electronic
18,18,18,19,Cult of Luna,Finland,10.85,20.15,5.15,2.77,10.46,12.15,44.23,50.77,10.46,9.88,28.19,30.62,0.88,1.08,2.31,3N8cK1O5u0RawDBbP4a0hc,,,,,tracks/3N8cK1O5u0RawDBbP4a0hc.mp3,rock
19,19,19,20,IU,The red shoes,27.62,19.38,18.75,15.19,11.31,49.75,41.69,18.94,0.94,18.45,45.72,9.94,0.88,1.19,2.62,3atsk5EWI5fNxLMIJnfYfJ,,,,,tracks/3atsk5EWI5fNxLMIJnfYfJ.mp3,jazz
20,20,20,21,Zero 7,In the Waiting Line,19.79,16.14,26.36,31.5,42.21,25.21,10.0,8.64,9.86,27.2,17.61,9.25,0.85,1.57,3.14,5ARrtxJLVCeTv5TWo1oKgC,,,,,tracks/5ARrtxJLVCeTv5TWo1oKgC.mp3,electronic
21,21,21,22,Jorge Ben Jor,"Mas, Que Nada!",22.36,25.86,36.93,31.57,42.29,31.93,13.29,13.57,12.21,31.8,22.61,12.89,0.74,2.5,2.93,6U03Orwr5Dxt8jahLnQpYV,,,,,tracks/6U03Orwr5Dxt8jahLnQpYV.mp3,jazz
22,22,22,23,Bobby Caldwell,Open Your Eyes,15.81,14.44,42.44,31.06,40.88,38.88,21.12,5.62,3.56,28.92,30.0,4.59,0.86,1.25,3.0,1Yrgyxebkguu4MGFkDoINo,,,,,tracks/1Yrgyxebkguu4MGFkDoINo.mp3,jazz
23,23,23,24,Fiona Apple,The First Taste,19.85,22.69,26.38,32.62,38.77,15.27,14.35,7.81,21.08,28.06,14.81,14.44,0.81,1.19,2.35,21Xc8hEIzv81jwiftI4hJB,,,,,tracks/21Xc8hEIzv81jwiftI4hJB.mp3,jazz
24,24,24,25,Tamar Braxton,Sound of Love,11.82,8.29,7.29,7.47,8.12,10.41,14.29,35.88,11.76,8.6,12.35,23.82,0.79,1.29,1.76,1QSNwan8EvZeJhuDag0aqX,,,,,tracks/1QSNwan8EvZeJhuDag0aqX.mp3,funk_soul
25,25,25,26,Cï¿½line Dion,Je crois toi,28.93,28.71,26.57,41.0,30.36,6.5,12.5,13.14,29.14,31.11,9.5,21.14,0.72,1.0,2.64,3CehtvHVAVPaaukPIIL67r,,,,,tracks/3CehtvHVAVPaaukPIIL67r.mp3,pop
26,26,26,27,Submotion Orchestra,Variations,10.39,7.39,6.44,25.33,33.83,4.28,2.39,5.83,6.94,16.68,3.33,6.39,0.87,1.0,2.11,3qzxORCDY3UpbvT7p7WYIE,,,,,tracks/3qzxORCDY3UpbvT7p7WYIE.mp3,electronic
27,27,27,28,Rilo Kiley,It Just Is,34.06,16.88,38.69,22.81,27.5,14.69,13.62,5.25,32.62,27.99,14.16,18.94,0.79,1.12,2.75,26tR002TUAcmtfBLR7hVnS,,,,,tracks/26tR002TUAcmtfBLR7hVnS.mp3,pop
28,28,28,29,The Weeknd,Wicked Games,32.95,25.26,30.0,46.89,35.26,23.26,37.0,12.58,11.68,34.07,30.13,12.13,0.76,1.84,3.37,6VwBbL8CzPiC4QV66ay7oR,,,,,tracks/6VwBbL8CzPiC4QV66ay7oR.mp3,electronic
29,29,29,30,John Farnham,Age of Reason,16.94,10.56,20.11,8.39,16.33,25.33,21.78,11.28,5.56,14.47,23.56,8.42,0.58,1.11,2.78,3LQde40NABYOH14hWse0Yi,,,,,tracks/3LQde40NABYOH14hWse0Yi.mp3,rock
30,30,30,31,Duffy,Rockferry,13.7,11.1,18.5,16.1,24.5,4.9,8.2,1.7,17.2,16.78,6.55,9.45,0.48,1.7,3.1,78twQ5XCFJMTE37ZSU0gsj,,,,,tracks/78twQ5XCFJMTE37ZSU0gsj.mp3,funk_soul
31,31,31,32,Sarah Vaughan,Misty,10.83,7.52,22.57,13.13,24.96,42.57,13.17,14.35,2.0,15.8,27.87,8.17,0.85,1.52,2.78,7gHFBNy0Qn86xGKJ9OdFTw,,,,,tracks/7gHFBNy0Qn86xGKJ9OdFTw.mp3,jazz
32,32,32,33,Avril Lavigne,Wish You Were Here,22.0,19.26,40.79,33.26,20.37,31.37,26.74,18.11,16.89,27.14,29.05,17.5,0.39,2.26,3.11,5XHf9PBxxHmJFuiDkGNIOA,,,,,tracks/5XHf9PBxxHmJFuiDkGNIOA.mp3,rock
33,33,33,34,October Tide,Blackness Devours,17.07,25.33,7.6,2.13,3.27,12.87,42.8,47.27,16.8,11.08,27.83,32.03,0.84,1.07,2.07,5KjDr2aEWTdOxdOs4gcuac,,,,,tracks/5KjDr2aEWTdOxdOs4gcuac.mp3,rock
34,34,34,35,Ridgewalkers,Find (Andy Moor Remix),29.93,33.86,28.14,20.71,18.86,40.64,46.5,23.5,12.57,26.3,43.57,18.04,0.68,1.36,2.64,5DpHrixQf7FfpAQJLAX2Fw,,,,,tracks/5DpHrixQf7FfpAQJLAX2Fw.mp3,electronic
35,35,35,36,Alcazar,This Is The World We Live In,18.29,20.47,30.18,13.94,11.94,49.0,45.12,6.88,2.12,18.96,47.06,4.5,0.85,2.41,3.18,6HuwtnWUE0Y7MKUvoOyb2F,,,,,tracks/6HuwtnWUE0Y7MKUvoOyb2F.mp3,pop
36,36,36,37,Dinah Washington,Cry Me a River,29.0,28.55,38.45,40.36,37.0,24.0,29.64,12.91,34.18,34.67,26.82,23.55,0.25,2.09,2.91,4ydtQJImyQg6UDFFZBzgxp,,,,,tracks/4ydtQJImyQg6UDFFZBzgxp.mp3,jazz
37,37,37,38,Boney M.,Rasputin,15.0,22.25,31.25,2.05,9.35,64.95,51.6,12.9,0.7,15.98,58.27,6.8,0.95,4.0,3.65,5jkFvD4UJrmdoezzT1FRoP,,,,,tracks/5jkFvD4UJrmdoezzT1FRoP.mp3,funk_soul
38,38,38,39,Donna Summer,Winter Melody,29.32,23.11,35.63,36.47,45.47,45.84,22.84,7.11,15.74,34.0,34.34,11.42,0.83,1.32,3.16,1zHOjqf8DqjNq6OB7Y5mrF,,,,,tracks/1zHOjqf8DqjNq6OB7Y5mrF.mp3,funk_soul
39,39,39,40,Tonight Alive,Let It Land,12.56,22.78,35.39,6.61,9.5,40.0,37.83,19.17,13.78,17.37,38.92,16.47,0.81,1.39,3.39,3aKPJyIFrJAPTPWs2yy0IX,,,,,tracks/3aKPJyIFrJAPTPWs2yy0IX.mp3,rock
40,40,40,41,My Dying Bride,Your River,9.57,13.71,13.71,1.24,8.05,6.48,29.57,42.0,14.67,9.26,18.02,28.33,0.87,1.05,2.43,6FMcHZ5FuBpPkD4IHVyrM9,,,,,tracks/6FMcHZ5FuBpPkD4IHVyrM9.mp3,rock
41,41,41,42,Sara Bareilles,Undertow,28.68,22.91,28.36,43.36,37.41,30.95,20.27,7.41,10.77,32.15,25.61,9.09,0.86,1.36,3.27,0tozhA4AZE7kDEvlcxCzP1,,,,,tracks/0tozhA4AZE7kDEvlcxCzP1.mp3,rock
42,42,42,43,Leona Lewis,Bleeding Love,18.39,13.67,44.61,35.89,22.94,30.67,37.22,3.78,20.44,27.1,33.94,12.11,0.78,3.72,4.0,7wZUrN8oemZfsEd1CGkbXE,,,,,tracks/7wZUrN8oemZfsEd1CGkbXE.mp3,pop
43,43,43,44,Anathema,Crestfallen,4.44,6.69,2.69,1.69,5.56,5.0,25.06,51.62,13.94,4.21,15.03,32.78,0.89,1.06,1.62,3Ca1PahHy0AowFpNwHzJM2,,,,,tracks/3Ca1PahHy0AowFpNwHzJM2.mp3,rock
44,44,44,45,Submotion Orchestra,Eyeline,25.67,18.73,12.67,10.87,14.73,10.93,23.67,14.2,11.6,16.53,17.3,12.9,0.45,1.07,2.33,2sqeVVvHRuskC1E4nA1Xls,,,,,tracks/2sqeVVvHRuskC1E4nA1Xls.mp3,electronic
45,45,45,46,September,R.I.P.,12.0,6.65,12.0,8.88,3.88,31.47,30.35,10.12,5.65,8.68,30.91,7.88,0.79,1.12,2.88,4BPyxkPrDW7tsb86HUnb04,,,,,tracks/4BPyxkPrDW7tsb86HUnb04.mp3,electronic
46,46,46,47,Djavan,Serrado,15.17,5.92,11.92,14.83,29.67,43.58,11.83,8.33,3.67,15.5,27.71,6.0,0.87,1.0,2.5,7EjRiBMib2EG0cdMEXavbC,,,,,tracks/7EjRiBMib2EG0cdMEXavbC.mp3,jazz
47,47,47,48,Christina Aguilera,Something's Got a Hold on Me,19.92,10.08,29.92,12.0,18.25,42.92,47.75,5.33,1.25,18.03,45.33,3.29,0.87,1.92,3.17,2CVMTJWBqbtaCWNWbcBZae,,,,,tracks/2CVMTJWBqbtaCWNWbcBZae.mp3,funk_soul
48,48,48,49,Ana Carolina,"Tï¿½ rindo, ï¿½?",15.8,9.85,18.2,27.45,30.3,25.65,16.1,10.05,1.65,20.32,20.88,5.85,0.84,1.15,2.65,65GmViOSKcP7jK0wNqRs8r,,,,,tracks/65GmViOSKcP7jK0wNqRs8r.mp3,jazz
49,49,49,50,The Whispers,And the Beat Goes On,23.65,15.5,30.55,18.55,24.85,51.3,23.7,11.1,5.75,22.62,37.5,8.43,0.84,1.95,3.15,7oQ1wkBmYSBEC2x7U08dvn,,,,,tracks/7oQ1wkBmYSBEC2x7U08dvn.mp3,funk_soul
50,50,50,51,Cobra Starship,"One Day, Robots Will Cry",12.38,21.52,28.52,14.86,13.24,43.05,46.38,19.05,5.0,18.1,44.71,12.02,0.87,1.43,3.1,76ohTRgQXmyTJrt8rgMbH2,,,,,tracks/76ohTRgQXmyTJrt8rgMbH2.mp3,rock
51,51,51,52,Yellowcard,Everywhere,23.27,34.18,32.09,6.0,7.09,44.55,39.09,15.36,12.18,20.53,41.82,13.77,0.71,2.36,3.91,4A3H0I1iSmYiHh5IScsBX5,,,,,tracks/4A3H0I1iSmYiHh5IScsBX5.mp3,rock
52,52,52,53,Portishead,Glory Box,29.18,16.09,33.55,36.73,25.09,17.73,13.36,2.27,13.09,28.13,15.55,7.68,0.56,2.09,3.45,3Ty7OTBNSigGEpeW2PqcsC,,,,,tracks/3Ty7OTBNSigGEpeW2PqcsC.mp3,electronic
53,53,53,54,Rihanna,Diamonds,43.0,21.82,35.55,23.55,24.73,58.91,47.36,4.18,5.82,29.73,53.14,5.0,0.78,4.0,4.27,1z9kQ14XBSN0r2v6fx4IdG,,,,,tracks/1z9kQ14XBSN0r2v6fx4IdG.mp3,pop
54,54,54,55,Al Green,Let's Stay Together,24.93,25.57,33.43,51.64,42.36,44.93,16.5,7.14,7.36,35.59,30.71,7.25,0.89,2.07,3.43,63xdwScd1Ai1GigAwQxE8y,,,,,tracks/63xdwScd1Ai1GigAwQxE8y.mp3,funk_soul
55,55,55,56,New Found Glory,This Disaster,13.71,16.14,20.64,5.14,7.57,35.71,40.36,26.0,10.29,12.64,38.04,18.14,0.77,1.36,2.57,2VHAQ84pzRe11YdMUDZzMZ,,,,,tracks/2VHAQ84pzRe11YdMUDZzMZ.mp3,rock
56,56,56,57,All Time Low,Time-Bomb,20.62,11.69,25.38,14.5,9.25,46.62,51.0,28.06,10.38,16.29,48.81,19.22,0.86,1.94,3.38,2qqn52sp9dDk2F9PdTrpwZ,,,,,tracks/2qqn52sp9dDk2F9PdTrpwZ.mp3,rock
57,57,57,58,The Ink Spots,I Don't Want to Set the World on Fire,21.25,16.19,52.0,32.88,51.19,19.38,6.38,1.25,17.69,34.7,12.88,9.47,0.92,2.25,3.38,777zXDJpBufzttU4AJ2dGO,,,,,tracks/777zXDJpBufzttU4AJ2dGO.mp3,jazz
58,58,58,59,The Weeknd,The Town,24.28,17.67,14.89,19.11,14.83,15.22,18.0,26.28,9.06,18.16,16.61,17.67,-0.22,1.78,2.0,7jGr8wzgwOVLuktY66qM5f,,,,,tracks/7jGr8wzgwOVLuktY66qM5f.mp3,electronic
59,59,59,60,"Earth, Wind & Fire",Boogie Wonderland,19.46,16.46,43.88,13.73,18.85,56.46,33.27,5.88,4.54,22.48,44.87,5.21,0.94,3.54,3.62,6ztstiyZL6FXzh4aG46ZPD,,,,,tracks/6ztstiyZL6FXzh4aG46ZPD.mp3,funk_soul
60,60,60,61,Sister Sledge,Frankie,22.0,12.56,46.12,39.69,37.88,49.06,21.12,7.19,11.69,31.65,35.09,9.44,0.89,1.44,2.75,6th7K3C0mmxk5AlT4x4oro,,,,,tracks/6th7K3C0mmxk5AlT4x4oro.mp3,funk_soul
61,61,61,62,The Andrews Sisters,In the Mood,24.67,18.53,30.4,6.93,13.8,56.13,36.27,7.93,0.8,18.87,46.2,4.37,0.87,1.53,3.07,6jO6eAQG1JW7fel2csJ5XQ,,,,,tracks/6jO6eAQG1JW7fel2csJ5XQ.mp3,jazz
62,62,62,63,Deee-Lite,Apple Juice Kissing,9.3,6.78,11.74,25.22,14.19,13.33,10.41,9.96,1.44,13.44,11.87,5.7,0.7,1.11,2.22,7fh5bhI5rzRBcSX9IKFNir,,,,,tracks/7fh5bhI5rzRBcSX9IKFNir.mp3,electronic
63,63,63,64,Shpongle,I Am You,9.93,15.43,2.79,2.79,1.86,20.29,17.57,32.64,1.86,6.56,18.93,17.25,0.79,1.07,2.14,3k3RK6cRZa165izv0rTv4Z,,,,,tracks/3k3RK6cRZa165izv0rTv4Z.mp3,electronic
64,64,64,65,Nicki Minaj,Starships,17.28,24.5,15.56,12.89,8.33,55.33,42.39,28.83,2.61,15.71,48.86,15.72,0.85,2.89,3.17,1oHNvJVbFkexQc0BpQp7Y4,,,,,tracks/1oHNvJVbFkexQc0BpQp7Y4.mp3,pop
65,65,65,66,Squirrel Nut Zippers,Low Down Man,17.5,15.08,31.33,34.5,34.08,5.92,3.75,9.33,24.67,26.5,4.83,17.0,0.76,1.25,2.67,0Ta1U180vOfj8LlhUM1Qvh,,,,,tracks/0Ta1U180vOfj8LlhUM1Qvh.mp3,jazz
66,66,66,67,George Benson,Turn Your Love Around,24.54,27.54,42.31,36.77,38.0,51.85,26.92,4.38,5.31,33.83,39.38,4.85,0.85,2.23,3.69,6a899bXlCuViXW2Qs8Rdqo,,,,,tracks/6a899bXlCuViXW2Qs8Rdqo.mp3,jazz
67,67,67,68,Itamar Assumpï¿½ï¿½o,Beijo na Boca,17.42,5.25,11.92,8.5,24.83,39.33,16.08,3.33,1.75,13.58,27.71,2.54,0.8,1.17,2.25,034M638G8hvIQ5WfSxJ9gS,,,,,tracks/034M638G8hvIQ5WfSxJ9gS.mp3,funk_soul
68,69,69,70,The Pointer Sisters,He's So Shy,16.14,14.71,32.0,34.43,21.21,28.64,24.21,6.21,8.57,23.7,26.43,7.39,0.74,1.29,2.93,6R9NqD0WX9sJYs6PbA5onu,,,,,tracks/6R9NqD0WX9sJYs6PbA5onu.mp3,funk_soul
69,70,70,71,James Brown,Funky Drummer,14.48,15.0,26.04,8.35,15.39,45.39,37.57,19.96,3.0,15.85,41.48,11.48,0.89,1.52,3.04,0VbpqlboEkGQ7Pu6juJljZ,,,,,tracks/0VbpqlboEkGQ7Pu6juJljZ.mp3,funk_soul
70,71,71,72,Atomic Kitten,It's OK!,13.36,19.73,26.55,22.18,34.82,28.91,16.27,5.64,15.91,23.33,22.59,10.77,0.59,1.82,2.36,7fQrbv4s2XyMwVCIKenI26,,,,,tracks/7fQrbv4s2XyMwVCIKenI26.mp3,pop
71,72,72,73,Vinï¿½cius de Moraes,Samba em Prelï¿½dio,29.77,18.15,35.23,37.15,32.31,14.85,4.92,2.15,19.85,30.52,9.88,11.0,0.78,1.08,3.38,7yYKjc8k6UrqeBig0bDeFy,,,,,tracks/7yYKjc8k6UrqeBig0bDeFy.mp3,jazz
72,73,73,74,Chet Baker,The Thrill Is Gone,33.83,27.0,37.08,41.42,55.08,3.67,3.0,6.67,47.08,38.88,3.33,26.88,0.88,1.42,2.75,0kKQreifydSOeqZzHkNW67,,,,,tracks/0kKQreifydSOeqZzHkNW67.mp3,jazz
73,74,74,75,Gino Vannelli,Wheels Of Life,28.74,13.58,38.16,48.89,31.26,17.84,18.63,1.37,19.0,32.13,18.24,10.18,0.85,1.58,2.95,7uE9ZeScOg28zFE7OHQxuR,,,,,tracks/7uE9ZeScOg28zFE7OHQxuR.mp3,jazz
74,75,75,76,The Chakachas,Jungle Fever,14.95,12.7,6.15,12.55,11.0,22.8,11.7,27.85,2.95,11.47,17.25,15.4,0.73,1.05,1.9,2QEhVc7hg5Z5yI8UPOSRk8,,,,,tracks/2QEhVc7hg5Z5yI8UPOSRk8.mp3,funk_soul
75,76,76,77,Jennifer Hudson,Moan,25.0,22.55,32.45,52.09,54.0,21.09,33.0,5.55,26.36,37.22,27.05,15.95,0.82,1.55,3.0,5jpo5CggeyVEQSHoXVhBqh,,,,,tracks/5jpo5CggeyVEQSHoXVhBqh.mp3,funk_soul
76,77,77,78,Bosson,One In A Million,23.65,13.65,25.53,34.82,20.47,37.0,21.76,6.29,14.12,23.62,29.38,10.21,0.81,2.06,2.94,3y1cXTre9LcmTxgqbKSqZY,,,,,tracks/3y1cXTre9LcmTxgqbKSqZY.mp3,pop
77,78,78,79,Melody Gardot,Worrisome Heart,29.67,22.17,32.17,37.25,37.33,28.5,24.75,15.08,14.08,31.72,26.62,14.58,0.22,1.42,2.5,3zh5km8gPDYMiWvmLTsos0,,,,,tracks/3zh5km8gPDYMiWvmLTsos0.mp3,jazz
78,79,79,80,Michael Jackson,Love Never Felt So Good,20.08,18.38,21.77,30.54,5.92,55.23,37.46,6.54,3.69,19.34,46.35,5.12,0.89,2.85,3.62,48td6xvpokdYwvbl3JIiXP,,,,,tracks/48td6xvpokdYwvbl3JIiXP.mp3,funk_soul
79,80,80,81,Emika,Drop the Other,27.39,32.0,19.33,12.61,22.17,23.0,34.5,26.17,11.67,22.7,28.75,18.92,0.52,1.17,3.06,1sHoqPtMfaZML6P77Q586a,,,,,tracks/1sHoqPtMfaZML6P77Q586a.mp3,electronic
80,81,81,82,MFSB,T.S.O.P. (The Sound Of Philadelphia),20.36,18.07,29.14,11.43,10.29,46.64,36.93,10.07,3.0,17.86,41.79,6.54,0.9,1.5,3.0,7kllQQPam6HumbUCIPSvHJ,,,,,tracks/7kllQQPam6HumbUCIPSvHJ.mp3,funk_soul
81,82,82,83,Avril Lavigne,I'm with You,17.94,8.17,48.61,39.22,22.39,14.17,18.56,4.61,15.89,27.27,16.36,10.25,0.88,2.72,3.56,1jlG3KJ3gdYmhfuySFfpO1,,,,,tracks/1jlG3KJ3gdYmhfuySFfpO1.mp3,rock
82,83,83,84,Sï¿½bastien Tellier,La Ritournelle,30.67,21.92,33.17,34.67,57.17,5.75,4.33,6.83,55.33,35.52,5.04,31.08,0.87,1.5,3.17,0qG1teoBvooRo7Z5Z8edCk,,,,,tracks/0qG1teoBvooRo7Z5Z8edCk.mp3,electronic
83,84,84,85,Strike,O Teu Olhar,15.45,10.36,8.73,3.91,5.82,40.82,36.18,22.55,0.45,8.85,38.5,11.5,0.82,1.18,3.18,4wGDJMUhcFy1j7XWo5ve4K,,,,,tracks/4wGDJMUhcFy1j7XWo5ve4K.mp3,rock
84,85,85,86,Chicane,Autumn Tactics,16.82,14.06,21.53,16.0,23.53,16.71,9.53,8.65,18.47,18.39,13.12,13.56,0.2,1.12,2.29,7LmG4gBYF7T53JVfgVVFKy,,,,,tracks/7LmG4gBYF7T53JVfgVVFKy.mp3,electronic
85,86,86,87,Katatonia,Teargas,12.53,20.67,14.8,7.27,4.33,14.33,20.87,25.13,27.13,11.92,17.6,26.13,0.58,1.2,2.4,31kIDIQFtTgVhV6KDwt1PV,,,,,tracks/31kIDIQFtTgVhV6KDwt1PV.mp3,rock
86,87,87,88,Kool & The Gang,Celebration,22.72,12.72,48.92,8.08,18.0,69.0,41.48,2.4,0.08,22.09,55.24,1.24,0.96,4.48,3.72,3K7Q9PHUWPTaknlbFPThn2,,,,,tracks/3K7Q9PHUWPTaknlbFPThn2.mp3,funk_soul
87,88,88,89,Cerrone,Give Me Love,24.82,19.59,35.47,16.76,25.12,39.88,27.94,14.12,10.88,24.35,33.91,12.5,0.64,1.76,2.94,30EaKbkhCzCAxVccAaYzGA,,,,,tracks/30EaKbkhCzCAxVccAaYzGA.mp3,funk_soul
88,89,89,90,We the Kings,All Again for You,15.16,13.26,27.95,11.26,10.11,61.32,43.53,12.84,9.53,15.55,52.42,11.18,0.94,1.32,3.79,1zMc2ZD35IDeYlNANbnF0w,,,,,tracks/1zMc2ZD35IDeYlNANbnF0w.mp3,rock
89,90,90,91,Jamiroquai,Automaton,18.94,21.31,8.69,5.44,8.38,39.66,31.03,28.66,1.38,12.55,35.34,15.02,0.91,1.5,2.84,42dJ29C11xlJTLkRVmKty1,,,,,tracks/42dJ29C11xlJTLkRVmKty1.mp3,funk_soul
90,92,92,93,Paradise Lost,True Belief,7.93,17.87,5.93,1.2,1.53,7.93,26.13,26.27,14.87,6.89,17.03,20.57,0.8,1.0,2.07,3mfwwUEFwXERswYBqhKcTC,,,,,tracks/3mfwwUEFwXERswYBqhKcTC.mp3,rock
91,93,93,94,Paramore,That's What You Get,14.0,12.78,34.0,8.91,6.74,37.35,31.61,8.57,3.96,15.29,34.48,6.26,0.91,2.26,3.04,1JdKrFyoU05abww0Zv0ayQ,,,,,tracks/1JdKrFyoU05abww0Zv0ayQ.mp3,rock
92,94,94,95,Diana Ross,The Best Years Of My Life,12.23,7.23,23.69,39.23,33.0,5.38,2.38,4.54,25.54,23.08,3.88,15.04,0.87,1.15,2.38,7xTAPIggS2K1UcTF0HXkak,,,,,tracks/7xTAPIggS2K1UcTF0HXkak.mp3,funk_soul
93,95,95,96,Flunk,Six Seven Times,22.89,20.56,28.11,21.67,36.0,14.28,14.94,5.89,26.17,25.84,14.61,16.03,0.72,1.44,2.78,2jknEB3TLUX5vEaLI4gttE,,,,,tracks/2jknEB3TLUX5vEaLI4gttE.mp3,electronic
94,96,96,97,Candlemass,Solitude,14.22,25.0,6.11,2.28,7.39,14.22,47.17,43.06,17.44,11.0,30.69,30.25,0.9,1.22,2.33,0v3WyEt2g04WFpfVwcnfXm,,,,,tracks/0v3WyEt2g04WFpfVwcnfXm.mp3,rock
95,97,97,98,The Format,I'm Actual,22.18,19.41,31.88,24.76,13.88,19.88,26.71,11.35,20.18,22.42,23.29,15.76,0.26,1.24,2.65,2eHZ6UoAycNv99qKz4PVPg,,,,,tracks/2eHZ6UoAycNv99qKz4PVPg.mp3,pop
96,98,98,99,Teena Marie,Revolution,5.58,17.0,18.75,6.08,12.83,29.5,17.92,6.67,7.75,12.05,23.71,7.21,0.59,1.17,2.17,7re1yRjy442DIAIVUgCaBN,,,,,tracks/7re1yRjy442DIAIVUgCaBN.mp3,funk_soul
97,99,99,100,Ashlee Simpson,Beautifully Broken,18.92,11.69,19.08,20.15,11.23,23.54,18.31,4.23,21.46,16.22,20.92,12.85,-0.21,1.69,3.15,0Z5TwodaWvDGq43AVdnKzn,,,,,tracks/0Z5TwodaWvDGq43AVdnKzn.mp3,pop
98,100,100,101,Al Jarreau,Ain't No Sunshine,21.31,13.31,47.31,31.77,27.15,32.92,23.69,11.69,18.31,28.17,28.31,15.0,0.69,3.54,3.92,0Res4ooR61zc5T7m2Fswog,,,,,tracks/0Res4ooR61zc5T7m2Fswog.mp3,jazz
99,101,101,102,Lana Del Rey,Born to Die,21.05,9.05,38.79,26.21,28.58,4.21,9.0,7.63,35.74,24.74,6.61,21.68,0.87,1.89,3.26,487OPlneJNni3NWC8SYqhW,,,,,tracks/487OPlneJNni3NWC8SYqhW.mp3,pop
100,102,102,103,Ambrosia,You're the Only Woman,14.35,8.96,35.31,31.15,21.12,27.35,17.5,2.73,10.62,22.18,22.42,6.67,0.88,1.35,3.04,11qmuUlW5q5diLiVSOlsSF,,,,,tracks/11qmuUlW5q5diLiVSOlsSF.mp3,jazz
101,103,103,104,Justin Timberlake,Cry Me a River,16.26,8.79,46.42,15.42,21.0,31.47,19.53,14.89,19.11,21.58,25.5,17.0,0.79,3.68,3.74,7Lf7oSEVdzZqTA0kEDSlS5,,,,,tracks/7Lf7oSEVdzZqTA0kEDSlS5.mp3,pop
102,104,104,105,Michael Bublï¿½,Feeling Good,13.92,10.0,33.0,21.92,24.92,15.58,13.33,12.75,5.33,20.75,14.46,9.04,0.46,2.83,3.5,3I09LQbHS3NSU46Ly3tPpR,,,,,tracks/3I09LQbHS3NSU46Ly3tPpR.mp3,jazz
103,105,105,106,Diana Ross,Upside Down,23.71,18.53,33.65,31.59,24.29,55.41,32.41,2.65,1.65,26.35,43.91,2.15,0.88,2.53,3.53,3pbtBomO4Zt5gGiqsYeiBH,,,,,tracks/3pbtBomO4Zt5gGiqsYeiBH.mp3,funk_soul
104,106,106,107,Marianas Trench,Good To You,10.16,4.32,14.37,19.95,7.32,24.79,42.26,10.95,13.58,11.22,33.53,12.26,0.84,1.37,3.05,3eDBBDWXkmH6chzPZhuajx,,,,,tracks/3eDBBDWXkmH6chzPZhuajx.mp3,rock
105,107,107,108,Prince & The Revolution,Purple Rain,28.21,31.5,46.86,15.71,15.71,9.79,28.36,7.64,14.93,27.6,19.07,11.29,0.83,1.79,3.0,54X78diSLoUDI3joC2bjMz,,,,,tracks/54X78diSLoUDI3joC2bjMz.mp3,rock
106,108,108,109,Lily Allen,Air Balloon,18.37,16.95,14.0,23.84,18.05,46.63,21.37,6.0,0.26,18.24,34.0,3.13,0.85,1.79,3.05,1DIS8YXZKxePLmY7Z8UC4I,,,,,tracks/1DIS8YXZKxePLmY7Z8UC4I.mp3,pop
107,109,109,110,Louis Armstrong,What a Wonderful World,41.0,25.29,53.43,54.14,52.64,42.57,17.64,3.14,11.79,45.3,30.11,7.46,0.86,3.43,3.5,29U7stRjqHU6rMiS8BfaI9,,,,,tracks/29U7stRjqHU6rMiS8BfaI9.mp3,jazz
108,110,110,111,Madonna,Gang Bang,17.94,22.69,10.25,5.56,9.06,29.94,40.06,25.31,6.06,13.1,35.0,15.69,0.87,1.5,2.81,5IYWdpFJAeKLggc7B8xtJm,,,,,tracks/5IYWdpFJAeKLggc7B8xtJm.mp3,electronic
109,111,111,112,Electric Wizard,The Chosen Few,14.53,19.47,14.67,9.6,9.8,13.67,28.33,27.0,15.0,13.61,21.0,21.0,0.52,1.13,2.4,5qN4DbKNNuIIe7xSlJPco0,,,,,tracks/5qN4DbKNNuIIe7xSlJPco0.mp3,rock
110,112,112,113,Donna Summer,Autumn Changes,6.6,5.73,13.2,20.73,11.93,31.93,19.0,8.13,11.6,11.64,25.47,9.87,0.63,1.27,2.8,4LldsyhaiUL5tcP5uxDBkx,,,,,tracks/4LldsyhaiUL5tcP5uxDBkx.mp3,funk_soul
111,113,113,114,blink-182,The Girl Next Door,10.9,9.0,6.8,6.5,3.9,15.3,20.2,28.0,7.7,7.42,17.75,17.85,0.54,1.1,1.9,2YmvU7tSabJfECLUutSXJ1,,,,,tracks/2YmvU7tSabJfECLUutSXJ1.mp3,rock
112,114,114,115,Village People,Go West,13.24,6.1,48.19,11.33,8.81,53.48,37.95,10.76,5.0,17.53,45.71,7.88,0.94,3.33,3.43,5v67uga7IFT3FQhDDBgaY8,,,,,tracks/5v67uga7IFT3FQhDDBgaY8.mp3,funk_soul
113,115,115,116,Melanie C,"Yeh, Yeh, Yeh",11.19,5.0,16.38,6.19,10.69,46.62,38.0,16.19,1.94,9.89,42.31,9.06,0.89,1.56,2.62,5gEkWBFaVUjzY7Y3sw35UU,,,,,tracks/5gEkWBFaVUjzY7Y3sw35UU.mp3,pop
114,116,116,117,Norah Jones,Humble Me,32.54,29.38,42.08,53.69,56.0,5.85,13.0,4.69,57.46,42.74,9.42,31.08,0.91,1.38,3.46,7BboupyTdAr1nmMJZw0V4h,,,,,tracks/7BboupyTdAr1nmMJZw0V4h.mp3,jazz
115,117,117,118,Paradise Lost,Gone,16.58,11.5,28.0,10.0,24.42,11.83,23.33,11.58,32.58,18.1,17.58,22.08,0.36,1.33,3.08,7C05KE8DAyWoM4yoEOaq6m,,,,,tracks/7C05KE8DAyWoM4yoEOaq6m.mp3,rock
116,118,118,119,Morcheeba,Rome Wasn't Built in a Day,25.64,16.64,33.55,50.55,35.45,30.27,20.09,13.27,9.45,32.36,25.18,11.36,0.73,1.82,2.82,6lsumzVFKP9SnfKcuGwqVp,,,,,tracks/6lsumzVFKP9SnfKcuGwqVp.mp3,pop
117,119,119,120,Hozier,Take Me to Church,34.45,32.64,40.55,28.82,31.82,25.45,43.55,16.64,29.73,33.65,34.5,23.18,-0.13,4.55,3.73,1CS7Sd1u5tWkstBhpssyjP,,,,,tracks/1CS7Sd1u5tWkstBhpssyjP.mp3,funk_soul
118,120,120,121,Chico Buarque,Sonho De Um Carnaval,14.46,10.15,19.23,18.46,37.69,18.69,4.62,5.69,7.77,20.0,11.65,6.73,0.74,1.31,2.62,6VlapIlYfqtoiWsE0DZUsE,,,,,tracks/6VlapIlYfqtoiWsE0DZUsE.mp3,jazz
119,121,121,122,Kendrick Lamar,King Kunta,6.4,10.0,14.4,0.47,3.8,31.87,39.47,23.6,3.2,7.01,35.67,13.4,0.86,1.87,2.87,0N3W5peJUQtI4eyR6GJT5O,,,,,tracks/0N3W5peJUQtI4eyR6GJT5O.mp3,funk_soul
120,122,122,123,Owl City,Fireflies,25.94,29.38,45.56,25.88,27.81,38.0,21.81,11.38,8.12,30.91,29.91,9.75,0.74,3.75,3.69,3DamFFqW32WihKkTVlwTYQ,,,,,tracks/3DamFFqW32WihKkTVlwTYQ.mp3,pop
121,123,123,124,Neurosis,Fear and Sickness,13.19,15.5,6.81,1.94,1.44,7.0,49.06,71.81,5.81,7.78,28.03,38.81,0.95,1.06,1.62,2sXYiWVdddj45DruzNKJGC,,,,,tracks/2sXYiWVdddj45DruzNKJGC.mp3,rock
122,124,124,125,The Temptations,My Girl,17.17,8.56,51.22,39.22,30.33,41.72,20.17,6.56,8.39,29.3,30.94,7.47,0.92,3.94,4.06,745H5CctFr12Mo7cqa1BMH,,,,,tracks/745H5CctFr12Mo7cqa1BMH.mp3,funk_soul
123,125,125,126,Descendents,Silly Girl,6.39,8.87,10.26,8.74,2.0,22.39,31.43,21.39,3.0,7.25,26.91,12.2,0.88,1.13,2.04,1o0cObpbURSTFEoXSgmL6a,,,,,tracks/1o0cObpbURSTFEoXSgmL6a.mp3,rock
124,126,126,127,Michael Learns to Rock,Paint My Love,20.55,9.65,37.1,41.35,37.0,18.6,5.35,4.0,17.3,29.13,11.97,10.65,0.88,1.55,2.85,523iOSL6R2OomhVMGcfxdy,,,,,tracks/523iOSL6R2OomhVMGcfxdy.mp3,pop
125,127,127,128,A*Teens,Rockin',12.15,5.0,16.85,11.4,15.5,35.4,14.75,7.35,0.2,12.18,25.08,3.78,0.84,1.55,2.3,66Ic3dIvBMBV7Oc4PUjw5w,,,,,tracks/66Ic3dIvBMBV7Oc4PUjw5w.mp3,pop
126,128,128,129,Mark Ronson,Uptown Funk,11.0,17.0,26.47,18.0,7.47,61.47,51.27,8.53,0.27,15.99,56.37,4.4,0.91,4.2,3.8,32OlwWuMpZ6b0aN2RZOeMS,,,,,tracks/32OlwWuMpZ6b0aN2RZOeMS.mp3,funk_soul
127,129,129,130,Apparat,Black Water,18.88,22.76,19.47,16.0,18.88,9.0,17.12,13.24,26.24,19.2,13.06,19.74,0.24,1.29,2.65,3mFu6HJLVeyyUyTS1EkHFP,,,,,tracks/3mFu6HJLVeyyUyTS1EkHFP.mp3,electronic
128,130,130,131,Sarah Vaughan,He's My Guy,17.75,15.42,26.33,28.08,47.33,33.0,27.67,7.08,1.58,26.98,30.33,4.33,0.71,1.08,3.0,5Po3D0fxlUpQTciXYWOmnJ,,,,,tracks/5Po3D0fxlUpQTciXYWOmnJ.mp3,jazz
129,131,131,132,Pinball,Come Into My Dream,21.31,10.46,9.77,13.23,9.31,31.15,24.15,19.54,2.92,12.82,27.65,11.23,0.58,1.46,2.15,2JPFEnjLROchH7qqoRy9Vl,,,,,tracks/2JPFEnjLROchH7qqoRy9Vl.mp3,electronic
130,132,132,133,Heidi Montag,Love It or Leave It,11.9,13.1,10.5,3.7,13.2,24.8,17.9,21.0,0.8,10.48,21.35,10.9,0.49,1.3,2.2,25pVbxHtM3TdDA6hHwvLfW,,,,,tracks/25pVbxHtM3TdDA6hHwvLfW.mp3,pop
131,133,133,134,The Bug,Poison Dart,9.47,8.47,9.2,9.07,9.73,17.33,14.2,44.47,3.4,9.19,15.77,23.93,0.79,1.33,2.0,7k9XruEHhkEH1I2epEHERo,,,,,tracks/7k9XruEHhkEH1I2epEHERo.mp3,electronic
132,134,134,135,Hey Monday,Set Off,2.79,17.14,14.5,13.93,6.07,42.57,36.79,15.79,2.5,10.89,39.68,9.14,0.8,1.21,2.5,0D5q7zxMaeQ9ekjuTQiryo,,,,,tracks/0D5q7zxMaeQ9ekjuTQiryo.mp3,rock
133,135,135,136,Above & Beyond,Alchemy,18.35,31.71,7.18,14.47,17.82,21.41,25.47,14.76,9.24,17.91,23.44,12.0,0.45,1.53,2.29,0Xm3H8qUhiUALrZYJyf61f,,,,,tracks/0Xm3H8qUhiUALrZYJyf61f.mp3,electronic
134,136,136,137,WJSN,HURRY UP,8.5,10.25,9.88,3.25,6.5,57.88,28.62,10.81,1.12,7.68,43.25,5.97,0.95,1.06,2.31,1lAuz7VJzbhhYHTQ11JE12,,,,,tracks/1lAuz7VJzbhhYHTQ11JE12.mp3,jazz
135,137,137,138,Anathema,Judgement,13.64,11.43,16.71,3.57,6.0,22.93,55.5,43.21,9.79,10.27,39.21,26.5,0.88,1.43,2.43,0jQxDAN0CBuIdAqbR4OnzV,,,,,tracks/0jQxDAN0CBuIdAqbR4OnzV.mp3,rock
136,138,138,139,Belleruche,Anything You Want (Not That),13.83,12.25,15.92,14.25,18.17,24.08,10.0,8.33,2.83,14.88,17.04,5.58,0.47,1.25,2.75,41fe96o3cxCfvINxcxEe4R,,,,,tracks/41fe96o3cxCfvINxcxEe4R.mp3,funk_soul
137,139,139,140,Lasgo,Alone,1.43,8.64,7.71,5.5,1.71,30.71,26.57,18.71,4.71,5.0,28.64,11.71,0.83,1.14,2.64,6hVdYM1RKjPIYv17KJ6Cll,,,,,tracks/6hVdYM1RKjPIYv17KJ6Cll.mp3,electronic
138,140,140,141,Evelyn Thomas,High Energy,12.33,8.17,20.5,6.25,6.67,38.33,46.0,23.42,3.83,10.78,42.17,13.62,0.87,1.25,2.42,2O3JCRH7IvUUbzbxEvoVAi,,,,,tracks/2O3JCRH7IvUUbzbxEvoVAi.mp3,funk_soul
139,141,141,142,Faithless,Insomnia,6.88,7.31,2.12,2.69,8.25,5.19,4.5,36.19,4.88,5.45,4.84,20.53,0.79,1.0,1.75,7gWc0QEt2hoIkMv3XxPY1T,,,,,tracks/7gWc0QEt2hoIkMv3XxPY1T.mp3,electronic
140,142,142,143,Good Charlotte,I Don't Wanna Be In Love (Dance Floor Anthem),14.0,10.06,25.06,6.88,11.41,32.53,40.06,13.82,5.41,13.48,36.29,9.62,0.83,1.59,2.59,36UVZPoK8a1Oxh13cY8kOp,,,,,tracks/36UVZPoK8a1Oxh13cY8kOp.mp3,rock
141,143,143,144,Bonobo,Nightlite,37.07,29.6,17.87,13.6,26.13,25.47,28.4,12.8,10.8,24.85,26.93,11.8,0.42,1.2,3.27,1gI1nC5E3ObyMtejdc8crP,,,,,tracks/1gI1nC5E3ObyMtejdc8crP.mp3,electronic
142,144,144,145,Flux Pavilion,I Can't Stop,25.53,32.0,10.84,11.21,14.26,38.68,42.47,31.21,5.21,18.77,40.58,18.21,0.8,2.0,2.79,5WSL7UTa38jMWoBzObD4BD,,,,,tracks/5WSL7UTa38jMWoBzObD4BD.mp3,electronic
143,145,145,146,Everything But the Girl,Low Tide Of The Night,29.83,23.08,34.5,26.25,43.42,26.0,11.83,4.25,1.0,31.42,18.92,2.62,0.74,1.17,3.0,06bJuoqZDzxSINQFREVLu0,,,,,tracks/06bJuoqZDzxSINQFREVLu0.mp3,electronic
144,146,146,147,Babybird,You're Gorgeous,13.56,2.38,15.0,4.38,22.69,24.06,2.94,0.88,6.75,11.6,13.5,3.81,0.69,1.94,2.38,5COBer69wpwkCPPaLr1gFb,,,,,tracks/5COBer69wpwkCPPaLr1gFb.mp3,pop
145,147,147,148,Wayne Newton,Danke Schoen,14.71,15.64,38.57,21.5,11.5,23.0,16.71,13.29,7.5,20.39,19.86,10.39,0.64,2.07,3.0,1BfbdFWT4wirsQ5BNgmN52,,,,,tracks/1BfbdFWT4wirsQ5BNgmN52.mp3,jazz
146,148,148,149,Phil Collins,Against All Odds (Take a Look at Me Now),34.0,21.54,52.77,41.54,31.69,16.62,21.69,0.62,20.31,36.31,19.15,10.46,0.84,3.77,3.62,63CHa6rmamv9OsehkRD8oz,,,,,tracks/63CHa6rmamv9OsehkRD8oz.mp3,rock
147,149,149,150,Nina Simone,That's All I Ask,24.33,17.6,38.07,43.67,29.67,15.27,18.87,6.4,34.87,30.67,17.07,20.63,0.77,1.27,2.93,5uI8omnLtzW4xTqJ5AoQtT,,,,,tracks/5uI8omnLtzW4xTqJ5AoQtT.mp3,jazz
148,150,150,151,Lacrimas Profundere,The Crown of Leaving,19.29,17.86,17.71,8.57,18.29,12.0,21.07,24.21,17.0,16.34,16.54,20.61,-0.39,1.14,2.07,7qNpAPSfPiLQ47cez2IpeW,,,,,tracks/7qNpAPSfPiLQ47cez2IpeW.mp3,rock
149,151,151,152,Nero,My Eyes,18.93,23.33,10.87,4.13,10.13,20.47,43.27,37.07,5.27,13.48,31.87,21.17,0.85,1.13,2.4,4gMIZhJUOCjmQxo1fwhhnK,,,,,tracks/4gMIZhJUOCjmQxo1fwhhnK.mp3,electronic
150,152,152,153,ATB,9pm (Till I Come),27.82,24.91,55.45,22.27,10.18,32.27,33.27,11.45,4.18,28.13,32.77,7.82,0.82,3.0,2.82,1CgbwsrNDlFrRuk2ebQ7zr,,,,,tracks/1CgbwsrNDlFrRuk2ebQ7zr.mp3,electronic
151,153,153,154,Elis Regina,Como Nossos Pais,20.31,16.56,16.44,23.38,14.62,21.44,19.69,9.19,17.88,18.26,20.56,13.53,-0.28,1.06,2.44,2ZC8sdv4Kvuql7Q9T8Agzv,,,,,tracks/2ZC8sdv4Kvuql7Q9T8Agzv.mp3,jazz
152,154,154,155,Burial,Untrue,10.28,15.83,15.5,7.94,14.06,23.33,21.61,21.11,6.44,12.72,22.47,13.78,0.35,1.22,2.11,1aaIYTqoRDzRUilU2Q6vTe,,,,,tracks/1aaIYTqoRDzRUilU2Q6vTe.mp3,electronic
153,155,155,156,Ella Fitzgerald,The Nearness Of You,30.08,16.58,62.75,36.42,65.33,22.25,11.58,3.83,13.83,42.23,16.92,8.83,0.89,1.58,3.58,39CdOo5GPGSIdxWDvyyWkr,,,,,tracks/39CdOo5GPGSIdxWDvyyWkr.mp3,jazz
154,156,156,157,Jessie Ware,Swan Song,15.0,11.08,11.46,19.92,34.38,9.0,6.31,11.15,18.69,18.37,7.65,14.92,0.62,1.0,2.85,708jomIP1WJkoinbSJxOGm,,,,,tracks/708jomIP1WJkoinbSJxOGm.mp3,funk_soul
155,157,157,158,The Cinematic Orchestra,Ma Fleur,17.31,14.94,26.25,27.62,42.5,10.5,11.69,8.25,19.88,25.73,11.09,14.06,0.74,1.0,2.5,3AqPL1n1wKc5DVFFnYuJhp,,,,,tracks/3AqPL1n1wKc5DVFFnYuJhp.mp3,electronic
156,158,158,159,Good Charlotte,March On,18.92,7.85,15.77,12.62,27.23,11.69,2.69,2.62,24.92,16.48,7.19,13.77,0.65,1.15,2.62,5aj1QFI3B492gzMXgioTqe,,,,,tracks/5aj1QFI3B492gzMXgioTqe.mp3,rock
157,159,159,160,Perlla,No Meu Comando,10.6,12.0,3.4,7.87,5.0,22.87,17.87,9.2,2.07,7.77,20.37,5.63,0.61,1.13,2.27,4A1xnjGKCJWxa6VnUHKdvl,,,,,tracks/4A1xnjGKCJWxa6VnUHKdvl.mp3,funk_soul
158,160,160,161,of Montreal,Oslo In The Summertime,14.68,13.53,14.37,12.79,18.05,26.42,13.26,21.32,11.53,14.68,19.84,16.42,0.28,1.47,2.68,3aWcuInJ6nPVUey0wDQQUL,,,,,tracks/3aWcuInJ6nPVUey0wDQQUL.mp3,pop
159,161,161,162,BANKS,Beggin for Thread,14.2,20.28,12.96,12.88,12.72,15.88,20.68,10.6,7.64,14.61,18.28,9.12,0.37,1.4,2.36,4PvD06Pmbm2rHG2JjSlElF,,,,,tracks/4PvD06Pmbm2rHG2JjSlElF.mp3,electronic
160,162,162,163,The Whispers,Rock Steady,14.53,13.0,32.35,14.59,13.41,40.82,22.24,7.12,2.76,17.58,31.53,4.94,0.86,2.06,3.06,1YCsTFttuHAzgfEWKdOb9K,,,,,tracks/1YCsTFttuHAzgfEWKdOb9K.mp3,funk_soul
161,163,163,164,Beyoncï¿½,Halo,33.47,31.73,54.93,39.13,25.8,34.87,58.87,18.4,16.6,37.01,46.87,17.5,0.76,4.73,3.93,4JehYebiI9JE8sR8MisGVb,,,,,tracks/4JehYebiI9JE8sR8MisGVb.mp3,pop
162,164,164,165,Passion Pit,Sleepyhead,9.22,12.72,14.78,4.67,10.39,34.33,18.11,19.89,1.94,10.36,26.22,10.92,0.79,1.28,2.61,4prEPl61C8qZpeo3IkYSMl,,,,,tracks/4prEPl61C8qZpeo3IkYSMl.mp3,electronic
163,165,165,166,Edwin McCain,I Could Not Ask for More,24.43,10.13,26.37,26.3,22.83,15.3,23.9,7.8,10.7,22.01,19.6,9.25,0.79,1.27,2.47,14J3PO0VnhtcRa31r7Aj1L,,,,,tracks/14J3PO0VnhtcRa31r7Aj1L.mp3,rock
164,166,166,167,Ace of Base,All That She Wants,19.53,22.29,46.82,20.06,23.82,59.18,28.35,5.41,12.12,26.51,43.76,8.76,0.88,3.59,3.53,6kWJvPfC4DgUpRsXKNa9z9,,,,,tracks/6kWJvPfC4DgUpRsXKNa9z9.mp3,pop
165,167,167,168,Duke Ellington,Sophisticated Lady,22.0,17.42,40.75,30.83,44.5,19.58,9.17,8.5,12.5,31.1,14.38,10.5,0.75,1.33,3.17,2ua1p76h5Yy2u3dVZ9Qb0l,,,,,tracks/2ua1p76h5Yy2u3dVZ9Qb0l.mp3,jazz
166,168,168,169,Sï¿½rgio Mendes,Mas que nada,15.56,17.33,16.0,12.17,30.78,37.33,20.67,14.28,2.11,18.37,29.0,8.19,0.69,3.22,3.28,6U7GUjtamt2P0LcFod1dBT,,,,,tracks/6U7GUjtamt2P0LcFod1dBT.mp3,jazz
167,169,169,170,Trailerpark,Schlechter Tag,26.83,33.67,5.67,7.92,7.42,36.0,3.92,18.67,0.0,16.3,19.96,9.33,0.67,2.0,3.17,,https://youtube.com/clip/Ugkxf5fmFiQEz9AO6cjfIswgzRsJmSFsHTQ4,Ugkxf5fmFiQEz9AO6cjfIswgzRsJmSFsHTQ4,0:19,1:01,tracks/Ugkxf5fmFiQEz9AO6cjfIswgzRsJmSFsHTQ4.mp3,hip_hop
168,170,170,171,Desiigner,Panda,40.0,10.5,1.17,15.5,12.17,45.58,37.42,14.25,1.58,15.87,41.5,7.92,0.76,4.25,3.83,275a9yzwGB6ncAW4SxY7q3,https://youtube.com/clip/UgkxQz5bPiHchdgU1Ie2V9uYNUt_ovZ6pl5O,UgkxQz5bPiHchdgU1Ie2V9uYNUt_ovZ6pl5O,0:39,1:09,tracks/UgkxQz5bPiHchdgU1Ie2V9uYNUt_ovZ6pl5O.mp3,hip_hop
169,171,171,172,NAS,Doo Rags,40.75,31.83,22.75,32.33,26.25,39.42,41.08,0.0,3.75,30.78,40.25,1.88,0.61,2.08,4.0,2XQrvYopdCkOenX4Z5CdV7,https://youtube.com/clip/UgkxHgPXHI3iwijH2ubl4ECPZWr71pOH2kNY,UgkxHgPXHI3iwijH2ubl4ECPZWr71pOH2kNY,0:17,1:11,tracks/UgkxHgPXHI3iwijH2ubl4ECPZWr71pOH2kNY.mp3,hip_hop
170,172,172,173,DMX,X Gon' Give It To Ya,28.18,12.09,15.82,14.55,15.09,62.09,62.18,0.0,1.09,17.15,62.14,0.55,0.87,3.91,4.18,1zzxoZVylsna2BQB65Ppcb,https://youtube.com/clip/UgkxMeHC_SJHx7meQn7dBLWcFSeJvrcjj8dO,UgkxMeHC_SJHx7meQn7dBLWcFSeJvrcjj8dO,0:20,1:03,tracks/UgkxMeHC_SJHx7meQn7dBLWcFSeJvrcjj8dO.mp3,hip_hop
171,173,173,174,Xatar,Meine Groï¿½e Liebe,10.82,27.18,0.0,15.45,1.0,22.91,27.18,6.73,0.0,10.89,25.05,3.36,0.52,2.0,2.64,7H1xPBRWYLhPGluTUDUYOw,https://youtube.com/clip/UgkxFhBctjHXvMsHAcraQU2xMxEYvWxFm_wL,UgkxFhBctjHXvMsHAcraQU2xMxEYvWxFm_wL,2:15,2:52,tracks/UgkxFhBctjHXvMsHAcraQU2xMxEYvWxFm_wL.mp3,hip_hop
172,174,174,175,Biggie Smalls,Hypnotize,44.58,21.58,33.42,12.92,28.25,39.17,23.0,12.25,0.0,28.15,31.08,6.12,0.53,3.58,3.83,6Tsu3OsuMz4KEGKbOYd6A0,https://youtube.com/clip/Ugkxbp2QRLTD6BTCpZW-yKc0OFZeAW5I8r09,Ugkxbp2QRLTD6BTCpZW-yKc0OFZeAW5I8r09,0:53,1:33,tracks/Ugkxbp2QRLTD6BTCpZW-yKc0OFZeAW5I8r09.mp3,hip_hop
173,175,175,176,Salt-N-Pepa,Shoop,16.85,13.21,7.79,4.35,14.85,55.62,31.15,4.94,0.0,11.41,43.38,2.47,0.93,2.12,3.47,0Pu71wxadDlB8fJXfjIjeJ,https://youtube.com/clip/UgkxI8XA0Ss2SLFsfghG7NqcNGfMsRxxpZYv,UgkxI8XA0Ss2SLFsfghG7NqcNGfMsRxxpZYv,1:08,1:52,tracks/UgkxI8XA0Ss2SLFsfghG7NqcNGfMsRxxpZYv.mp3,hip_hop
174,176,176,177,Prinz Pi,Laura,11.03,8.53,10.82,7.56,13.71,6.15,12.97,21.26,14.09,10.33,9.56,17.68,0.06,1.24,2.18,4pbTElMDaHrkLOfOv8nUdC,https://youtube.com/clip/UgkxKywj4WMS6UIR12bQWx3DD6jYhjU0j1Em,UgkxKywj4WMS6UIR12bQWx3DD6jYhjU0j1Em,1:40,2:26,tracks/UgkxKywj4WMS6UIR12bQWx3DD6jYhjU0j1Em.mp3,hip_hop
175,177,177,178,Black Eyed Peas,Where Is The Love,40.67,40.61,29.21,7.06,9.73,37.39,28.48,7.45,14.24,25.45,32.94,10.85,0.87,3.97,3.73,1FreAz1lmnDi5aKLB6GdFM,https://youtube.com/clip/UgkxAcAvpg9Rn3wufSr74nt2XWz5VAoqurTl,UgkxAcAvpg9Rn3wufSr74nt2XWz5VAoqurTl,1:38,2:23,tracks/UgkxAcAvpg9Rn3wufSr74nt2XWz5VAoqurTl.mp3,hip_hop
176,178,178,179,Blumio,Lass Mal ï¿½ber Haie Reden,10.56,11.22,2.41,5.56,11.89,39.78,27.59,23.96,3.33,8.33,33.69,13.65,0.84,1.22,2.7,2cdXF2fdd1q3wXg7VnxzEJ,,,,,tracks/2cdXF2fdd1q3wXg7VnxzEJ.mp3,hip_hop
177,179,179,180,Cyne,One Day,14.5,9.18,8.25,7.93,18.21,40.54,28.82,9.89,0.82,11.61,34.68,5.36,0.83,1.36,3.29,46cmIQKXy7Ric5yNZ2tzde,,,,,tracks/46cmIQKXy7Ric5yNZ2tzde.mp3,hip_hop
178,180,180,181,The Pharcyde,Passin' Me By,19.19,6.48,4.74,10.19,13.81,32.22,22.41,26.93,0.0,10.88,27.31,13.46,0.79,1.56,3.11,4G3dZN9o3o2X4VKwt4CLts,,,,,tracks/4G3dZN9o3o2X4VKwt4CLts.mp3,hip_hop
179,181,181,182,Gucci Mane,Tone It Down,11.11,10.21,0.0,7.96,19.43,40.21,29.5,25.46,1.04,9.74,34.86,13.25,0.84,1.57,2.61,0iTCmKvuU1ReULiQB0rI7n,https://youtube.com/clip/Ugkxf33sURscVNsNOPhtXYIqdKQs0QgGv_hU,Ugkxf33sURscVNsNOPhtXYIqdKQs0QgGv_hU,0:42,1:19,tracks/Ugkxf33sURscVNsNOPhtXYIqdKQs0QgGv_hU.mp3,hip_hop
180,182,182,183,Jay-Z,The Story Of OJ,17.68,13.11,11.04,10.36,29.43,31.5,19.96,20.96,2.96,16.32,25.73,11.96,0.63,1.57,2.54,6JpN5w95em8SODPiM7W2PH,https://youtube.com/clip/Ugkxwm41Q5LmH_RIy9Az47Y2TT8x2u_nW7f_,Ugkxwm41Q5LmH_RIy9Az47Y2TT8x2u_nW7f_,1:00,1:41,tracks/Ugkxwm41Q5LmH_RIy9Az47Y2TT8x2u_nW7f_.mp3,hip_hop
181,183,183,184,2Pac,All Eyez On Me,14.14,10.43,11.75,15.07,28.64,26.32,20.57,21.18,1.21,16.01,23.45,11.2,0.54,1.93,2.75,4VQNCzfZ3MdHEwwErNXpBo,,,,,tracks/4VQNCzfZ3MdHEwwErNXpBo.mp3,hip_hop
182,184,184,185,K.I.Z.,Ein Affe und ein Pferd,12.13,8.53,3.87,7.2,11.17,35.1,33.57,40.37,0.0,8.58,34.33,20.18,0.88,2.53,2.43,3qM75mSV84LHHJqlITqZsk,https://youtube.com/clip/UgkxnE8-rmtVlOk9mjkXNUzj7cbG0RTr0goh,UgkxnE8-rmtVlOk9mjkXNUzj7cbG0RTr0goh,0:00,0:37,tracks/UgkxnE8-rmtVlOk9mjkXNUzj7cbG0RTr0goh.mp3,hip_hop
183,185,185,186,LL Cool J,Around The Way Girl,18.77,9.13,12.53,18.23,32.3,42.67,16.37,6.6,1.7,18.19,29.52,4.15,0.84,1.9,3.0,4Qxv2L4JICAWLFrBV6QeH8,https://youtube.com/clip/UgkxMbCDRF2FTSOAr1PU6OBHoM-fbiYzsRIR,UgkxMbCDRF2FTSOAr1PU6OBHoM-fbiYzsRIR,2:29,2:59,tracks/UgkxMbCDRF2FTSOAr1PU6OBHoM-fbiYzsRIR.mp3,hip_hop
184,186,186,187,Coolio,Gangsta's Paradise,31.3,15.97,22.53,2.03,12.17,65.57,51.07,9.47,1.03,16.8,58.32,5.25,0.95,3.97,3.87,1DIXPcTDzTj8ZMHt3PDt8p,,,,,tracks/1DIXPcTDzTj8ZMHt3PDt8p.mp3,hip_hop
185,187,187,188,Cardi B,Bodak Yellow,10.97,8.06,1.58,4.29,7.23,47.16,39.23,16.16,0.0,6.43,43.19,8.08,0.92,3.32,3.13,6KBYefIoo7KydImq1uUQlL,https://youtube.com/clip/Ugkx48OuhuUKmNoCu9K_To4wgHRXCPr708xs,Ugkx48OuhuUKmNoCu9K_To4wgHRXCPr708xs,0:14,0:50,tracks/Ugkx48OuhuUKmNoCu9K_To4wgHRXCPr708xs.mp3,hip_hop
186,188,188,189,Killer Mike,A.D.I.D.A.S.,18.44,1.59,6.38,2.25,16.69,37.97,8.47,14.31,2.06,9.07,23.22,8.19,0.86,1.59,2.66,3ghaPXI1bdNDeYpfCEv1Gw,https://youtube.com/clip/UgkxiSdeQAHTlSYSQp1Dzp5rOMLKzJAF_m_3,UgkxiSdeQAHTlSYSQp1Dzp5rOMLKzJAF_m_3,0:41,1:19,tracks/UgkxiSdeQAHTlSYSQp1Dzp5rOMLKzJAF_m_3.mp3,hip_hop
187,189,189,190,Beginner,Fï¿½chse,18.65,14.55,7.52,2.84,28.48,43.52,17.06,9.84,4.55,14.41,30.29,7.19,0.86,1.71,3.13,4vxjNphyAqPGR8KpuXPGoi,https://youtube.com/clip/Ugkxg4DpwMmd0f6ft1dcr1UHjkgDVWqbUmQM,Ugkxg4DpwMmd0f6ft1dcr1UHjkgDVWqbUmQM,0:37,1:13,tracks/Ugkxg4DpwMmd0f6ft1dcr1UHjkgDVWqbUmQM.mp3,hip_hop
188,190,190,191,Scroobius Pip,Let 'Em Come,8.04,13.96,1.44,3.19,2.78,18.19,26.11,46.37,0.0,5.88,22.15,23.19,0.9,1.33,2.19,5iDkCenF5yMkweYTzvnxc0,https://youtube.com/clip/UgkxNA0TGyZvRFpL5HfNxf5jL-Aos0_TMrjq,UgkxNA0TGyZvRFpL5HfNxf5jL-Aos0_TMrjq,0:18,1:11,tracks/UgkxNA0TGyZvRFpL5HfNxf5jL-Aos0_TMrjq.mp3,hip_hop
189,191,191,192,SIDO,Fuffies Im Club,7.07,15.85,1.37,3.37,6.52,28.19,12.26,31.04,1.48,6.84,20.22,16.26,0.82,1.52,2.3,1A0b0yR0quuBByKQzASAvf,https://youtube.com/clip/UgkxiDWo6SHEUI4jBlKNkh5hXdY_TZh5n84U,UgkxiDWo6SHEUI4jBlKNkh5hXdY_TZh5n84U,0:54,1:35,tracks/UgkxiDWo6SHEUI4jBlKNkh5hXdY_TZh5n84U.mp3,hip_hop
190,192,192,193,Chance The Rapper,Summer Friends,2.26,6.93,6.26,8.52,18.19,24.59,4.67,18.3,0.0,8.43,14.63,9.15,0.73,1.3,2.33,2fl0B0OaXjWbjHCQFx2O8W,https://youtube.com/clip/Ugkx3xlTENI-JXgKuo3V07OjMtslbm5vFWD5,Ugkx3xlTENI-JXgKuo3V07OjMtslbm5vFWD5,0:56,1:34,tracks/Ugkx3xlTENI-JXgKuo3V07OjMtslbm5vFWD5.mp3,hip_hop
191,193,193,194,Twentyone Pilots,Lane Boy,18.0,13.17,2.45,1.07,11.79,26.62,33.17,7.38,3.52,9.3,29.9,5.45,0.84,1.9,2.97,2P61EK6DMGyVyssLWS4fKy,https://youtube.com/clip/Ugkx6eec1x4NPyH_99Itv46s6pLeG_41gm9x,Ugkx6eec1x4NPyH_99Itv46s6pLeG_41gm9x,0:26,1:08,tracks/Ugkx6eec1x4NPyH_99Itv46s6pLeG_41gm9x.mp3,hip_hop
192,194,194,195,BBou,Kanona,12.93,5.45,3.28,9.21,4.17,14.93,14.55,17.14,2.48,7.01,14.74,9.81,0.46,1.55,2.21,,https://youtube.com/clip/Ugkx_GQpNV2nvUVSHHAdncjVQHIqQ_7MUNwf,Ugkx_GQpNV2nvUVSHHAdncjVQHIqQ_7MUNwf,0:22,1:11,tracks/Ugkx_GQpNV2nvUVSHHAdncjVQHIqQ_7MUNwf.mp3,hip_hop
193,195,195,196,The Roots,You Got Me,21.93,10.31,26.0,21.34,21.9,8.72,11.14,9.21,15.21,20.3,9.93,12.21,0.45,2.31,3.1,4pdLZsxq0y5oJDb6Cxlokw,https://youtube.com/clip/Ugkxu01TdXlyzUBaA1uxYlVxUTn3Z0cXaUh5,Ugkxu01TdXlyzUBaA1uxYlVxUTn3Z0cXaUh5,0:16,0:57,tracks/Ugkxu01TdXlyzUBaA1uxYlVxUTn3Z0cXaUh5.mp3,hip_hop
194,196,196,197,Kanye West,Touch The Sky,16.43,9.75,17.32,10.0,17.14,46.86,22.43,7.04,0.79,14.13,34.64,3.91,0.83,2.96,3.25,2dxjKgT0li4qBI3QwuN9Ih,https://youtube.com/clip/UgkxECNPyiKIoYY4_1W_zNYoxmgktMke-Sze,UgkxECNPyiKIoYY4_1W_zNYoxmgktMke-Sze,0:55,1:37,tracks/UgkxECNPyiKIoYY4_1W_zNYoxmgktMke-Sze.mp3,hip_hop
195,197,197,198,Pharoahe Monch,Let's Go,7.21,12.93,3.57,0.0,14.11,26.43,20.46,14.54,0.0,7.56,23.45,7.27,0.71,1.46,2.39,67c29TckQ1LtejsU6USqvG,https://youtube.com/clip/Ugkx_7x4uFOt1eXD_KeuDY4hwqVAbulrtRUg,Ugkx_7x4uFOt1eXD_KeuDY4hwqVAbulrtRUg,0:19,0:54,tracks/Ugkx_7x4uFOt1eXD_KeuDY4hwqVAbulrtRUg.mp3,hip_hop
196,198,198,199,Eminem,Mockingbird,25.11,9.54,34.32,14.39,12.46,13.18,9.71,17.54,38.64,19.16,11.45,28.09,0.7,3.29,3.36,561jH07mF1jHuk7KlaeF0s,https://youtube.com/clip/Ugkxgie5MI-cRMFrgZHXb5x44t3tkLgpM5CJ,Ugkxgie5MI-cRMFrgZHXb5x44t3tkLgpM5CJ,1:10,1:48,tracks/Ugkxgie5MI-cRMFrgZHXb5x44t3tkLgpM5CJ.mp3,hip_hop
197,199,199,200,Eminem,Rap God,30.81,25.07,14.52,9.56,8.26,39.48,34.52,28.41,3.7,17.64,37.0,16.06,0.75,3.33,3.26,6or1bKJiZ06IlK0vFvY75k,https://youtube.com/clip/UgkxrDhQWgXdqNyuTc7tw5ecNLbYAppxo_jj,UgkxrDhQWgXdqNyuTc7tw5ecNLbYAppxo_jj,4:10,5:05,tracks/UgkxrDhQWgXdqNyuTc7tw5ecNLbYAppxo_jj.mp3,hip_hop
198,200,200,201,Freundeskreis,A-N-N-A,6.04,11.26,18.85,21.15,29.78,6.22,0.0,13.26,12.48,17.41,3.11,12.87,0.66,1.85,2.48,6EWtkdeKmVtRjmydTfIR0S,https://youtube.com/clip/UgkxMgl6-aZs6hkIbjgGKbpferte9SbBUBnx,UgkxMgl6-aZs6hkIbjgGKbpferte9SbBUBnx,0:59,1:40,tracks/UgkxMgl6-aZs6hkIbjgGKbpferte9SbBUBnx.mp3,hip_hop
199,201,201,202,Eminem,Lose Yourself,29.7,17.0,26.0,12.96,16.63,50.96,36.85,15.56,3.7,20.46,43.91,9.63,0.81,4.04,3.78,7MJQ9Nfxzh8LPZ9e9u68Fq,https://youtube.com/clip/UgkxpFGqBJ32ORfzd4DhgSOtxi95nKPJclM2,UgkxpFGqBJ32ORfzd4DhgSOtxi95nKPJclM2,1:01,1:47,tracks/UgkxpFGqBJ32ORfzd4DhgSOtxi95nKPJclM2.mp3,hip_hop
200,202,202,203,Travis Scott,Antidote,12.23,11.42,7.84,4.1,11.16,43.58,23.74,19.23,1.16,9.35,33.66,10.19,0.85,2.42,2.9,1wHZx0LgzFHyeIZkUydNXq,https://youtube.com/clip/UgkxH_KgkMKJXtZ87XO7APEaNnSMxNi5L-3n,UgkxH_KgkMKJXtZ87XO7APEaNnSMxNi5L-3n,0:27,1:11,tracks/UgkxH_KgkMKJXtZ87XO7APEaNnSMxNi5L-3n.mp3,hip_hop
201,203,203,204,Kendrick Lamar,Cartoons & Cereal,13.45,17.61,5.16,0.0,4.68,31.48,17.16,34.81,4.52,8.18,24.32,19.66,0.84,1.65,2.45,,https://youtube.com/clip/UgkxABWx8IMDZ1ygX9cK_u6KoTxrBq3P8ySu,UgkxABWx8IMDZ1ygX9cK_u6KoTxrBq3P8ySu,0:37,1:28,tracks/UgkxABWx8IMDZ1ygX9cK_u6KoTxrBq3P8ySu.mp3,hip_hop
202,204,204,205,Kanye West,Runaway,13.97,2.81,10.55,11.42,13.84,28.61,6.58,23.26,7.74,10.52,17.6,15.5,0.62,1.84,2.58,3DK6m7It6Pw857FcQftMds,https://youtube.com/clip/UgkxvrHQRM-a4RVDO6Hq0k09yxHmzCm20VwZ,UgkxvrHQRM-a4RVDO6Hq0k09yxHmzCm20VwZ,1:44,2:24,tracks/UgkxvrHQRM-a4RVDO6Hq0k09yxHmzCm20VwZ.mp3,hip_hop
203,205,205,206,Jay-Z,99 Problems,8.75,8.11,5.77,1.3,14.09,43.52,38.34,18.32,0.0,7.6,40.93,9.16,0.94,2.52,2.77,7IdFdRlCjUi6kkhbPoRfnw,https://youtube.com/clip/Ugkx57VaIZOdBBg6E3ZPJxd9Ej8E7jqqCyqQ,Ugkx57VaIZOdBBg6E3ZPJxd9Ej8E7jqqCyqQ,1:59,2:41,tracks/Ugkx57VaIZOdBBg6E3ZPJxd9Ej8E7jqqCyqQ.mp3,hip_hop
204,206,206,207,50 Cent,In Da Club,15.37,7.16,15.12,5.51,16.7,56.44,25.81,12.16,0.0,11.97,41.13,6.08,0.94,3.81,3.44,7iL6o9tox1zgHpKUfh9vuC,https://youtube.com/clip/UgkxPTUGD757NZE04L5T2DQ0oFPpRTI64qKI,UgkxPTUGD757NZE04L5T2DQ0oFPpRTI64qKI,0:40,1:18,tracks/UgkxPTUGD757NZE04L5T2DQ0oFPpRTI64qKI.mp3,hip_hop
205,207,207,208,Akua Naru,Poetry: How Does It Feel,20.12,14.3,17.67,29.84,42.19,8.93,5.86,10.58,2.19,24.82,7.4,6.38,0.9,1.35,2.88,0SQg86odv33piyPWPgNpBM,https://youtube.com/clip/UgkxaI7IEJFGmNuo3apwunshxwOL6L0qkv-L,UgkxaI7IEJFGmNuo3apwunshxwOL6L0qkv-L,0:59,1:34,tracks/UgkxaI7IEJFGmNuo3apwunshxwOL6L0qkv-L.mp3,hip_hop
206,208,208,209,OutKast,B.O.B.,10.5,15.4,4.93,0.27,11.5,49.47,36.03,28.73,0.67,8.52,42.75,14.7,0.92,1.83,2.83,3WibbMr6canxRJXhNtAvLU,https://youtube.com/clip/UgkxubyVQJjx7WtuqLhLzUBEEkMSHEXoPqZH,UgkxubyVQJjx7WtuqLhLzUBEEkMSHEXoPqZH,0:31,1:21,tracks/UgkxubyVQJjx7WtuqLhLzUBEEkMSHEXoPqZH.mp3,hip_hop
207,209,209,210,Jedi Mind Tricks,Deathbed Doctrine,11.73,8.1,2.67,3.03,6.6,54.9,36.47,22.23,0.0,6.43,45.68,11.12,0.95,1.23,2.9,1i74MnweHIH0Lt4upFKP9I,https://youtube.com/clip/UgkxZf3ZvxAYVnURNwwMij2hPwJpcszJE8nv,UgkxZf3ZvxAYVnURNwwMij2hPwJpcszJE8nv,0:32,1:27,tracks/UgkxZf3ZvxAYVnURNwwMij2hPwJpcszJE8nv.mp3,hip_hop
208,210,210,211,Bushido,Leben Und Tod Des Kenneth Glï¿½ckler,19.13,20.6,1.87,1.7,8.4,26.93,39.23,21.9,1.07,10.34,33.08,11.48,0.88,1.5,2.63,3ai0DFuYn5KnHPUbRjAkga,,,,,tracks/3ai0DFuYn5KnHPUbRjAkga.mp3,hip_hop
209,211,211,212,Beastie Boys,Fight For Your Right,22.84,8.4,15.76,2.52,3.56,42.96,37.36,29.2,0.0,10.62,40.16,14.6,0.88,2.52,3.04,5NLuC70kZQv8q34QyQa1DP,https://youtube.com/clip/UgkxLiBRjEcNV1_KdoYV9fExBB4JoIZqPXl1,UgkxLiBRjEcNV1_KdoYV9fExBB4JoIZqPXl1,2:38,3:16,tracks/UgkxLiBRjEcNV1_KdoYV9fExBB4JoIZqPXl1.mp3,hip_hop
210,212,212,213,Action Bronson,Actin Crazy,10.44,9.32,2.0,1.76,21.24,25.08,19.44,26.6,1.44,8.95,22.26,14.02,0.75,1.0,2.56,3clX2NMmjaAHmBjeTSa9vV,https://youtube.com/clip/UgkxB6BmDvjHIlfMegxsTkAL3QsvWuGjqc8U,UgkxB6BmDvjHIlfMegxsTkAL3QsvWuGjqc8U,0:15,1:12,tracks/UgkxB6BmDvjHIlfMegxsTkAL3QsvWuGjqc8U.mp3,hip_hop
211,213,213,214,Immortal Technique,Leaving the past,18.52,22.64,16.48,3.48,12.76,20.28,11.12,20.24,16.0,14.78,15.7,18.12,0.14,1.0,2.64,6msTUCqIfVOWe7pzWGzh6F,,,,,tracks/6msTUCqIfVOWe7pzWGzh6F.mp3,hip_hop
212,214,214,215,SSIO,Nullkommaneun,15.24,17.34,1.69,1.76,4.59,37.76,22.48,36.86,0.0,8.12,30.12,18.43,0.89,1.45,2.52,3cLXgIlvugVKpWBmO5v9oy,https://youtube.com/clip/UgkxIoxnqhDJAYNa8D04h4ErsP8RkqaPXWqW,UgkxIoxnqhDJAYNa8D04h4ErsP8RkqaPXWqW,2:51,3:30,tracks/UgkxIoxnqhDJAYNa8D04h4ErsP8RkqaPXWqW.mp3,hip_hop
213,215,215,216,Wu-Tang Clan,Da Mystery Of Chessboxin',8.24,8.55,1.97,2.41,4.66,35.66,31.14,27.76,0.0,5.17,33.4,13.88,0.91,1.45,2.59,4xOTVtbCPcfxMs2hSt9D6i,https://youtube.com/clip/UgkxPqDxvyBR6wzkoSa7KlaX4AXcGGFvDJRp,UgkxPqDxvyBR6wzkoSa7KlaX4AXcGGFvDJRp,0:18,0:56,tracks/UgkxPqDxvyBR6wzkoSa7KlaX4AXcGGFvDJRp.mp3,hip_hop
214,216,216,217,Post Malone,Congratulations,17.76,6.22,22.92,7.41,27.68,42.59,25.19,12.22,2.46,16.39,33.89,7.34,0.86,3.05,3.38,3a1lNhkSLSkpJE4MSHpDu9,https://youtube.com/clip/UgkxjrIgYcrqFAJNCFiuffHJETXyCoL3-eMX,UgkxjrIgYcrqFAJNCFiuffHJETXyCoL3-eMX,0:31,1:06,tracks/UgkxjrIgYcrqFAJNCFiuffHJETXyCoL3-eMX.mp3,hip_hop
215,217,217,218,D-12,Fight Music,1.92,7.89,7.24,0.0,4.78,34.97,42.78,24.92,0.0,4.37,38.88,12.46,0.94,2.19,3.05,3vBv2Tp0kHyBDUBZJr9GXQ,https://youtube.com/clip/UgkxfSmvrq1hqByszPlR8lZYn7VfLMdBP7xj,UgkxfSmvrq1hqByszPlR8lZYn7VfLMdBP7xj,2:04,2:41,tracks/UgkxfSmvrq1hqByszPlR8lZYn7VfLMdBP7xj.mp3,hip_hop
216,218,218,219,Jurassic 5,Work It Out,11.68,14.65,12.11,9.92,23.92,46.51,18.92,12.03,0.0,14.45,32.72,6.01,0.88,1.19,3.08,4wAjMtIbWBP3g1iETZRrg3,https://youtube.com/clip/UgkxFIhSNhJ_Tb5dSX7vPyAIKk51jnpAln7v,UgkxFIhSNhJ_Tb5dSX7vPyAIKk51jnpAln7v,0:48,1:24,tracks/UgkxFIhSNhJ_Tb5dSX7vPyAIKk51jnpAln7v.mp3,hip_hop
217,219,219,220,Logic,Black Spiderman,13.97,13.54,7.91,7.91,11.71,35.37,20.71,18.49,2.43,11.01,28.04,10.46,0.76,1.8,2.49,7BKUWh5sdtdS17crohRe4L,https://youtube.com/clip/Ugkxpj2Jw4BiyVImQSw49snNHiZqIGXXXYfX,Ugkxpj2Jw4BiyVImQSw49snNHiZqIGXXXYfX,0:42,1:26,tracks/Ugkxpj2Jw4BiyVImQSw49snNHiZqIGXXXYfX.mp3,hip_hop
218,220,220,221,Jay Z,Hard Knock Life,20.0,14.09,19.54,19.11,18.69,35.86,15.11,11.86,3.8,18.29,25.49,7.83,0.67,3.43,3.29,0PncoISAGbKR9HRx5LEbhC,,,,,tracks/0PncoISAGbKR9HRx5LEbhC.mp3,hip_hop
219,221,221,222,The Notorious B.I.G.,Juicy,17.8,14.66,13.6,8.26,22.54,33.69,18.57,6.43,2.34,15.37,26.13,4.39,0.75,2.23,2.91,2AP7m2dBb8ULTx4Gc1rdMc,https://youtube.com/clip/UgkxrJMgPWDGPZXi53mg-mbkThj5shc2hAfc,UgkxrJMgPWDGPZXi53mg-mbkThj5shc2hAfc,1:30,2:11,tracks/UgkxrJMgPWDGPZXi53mg-mbkThj5shc2hAfc.mp3,hip_hop
220,222,222,223,N.E.R.D,Lemon,9.46,3.33,5.0,3.29,2.12,30.5,23.79,20.83,0.0,4.64,27.15,10.42,0.83,1.75,2.58,2LKlHBPHxLG5ArAXfF148n,https://youtube.com/clip/UgkxZ_b33llhim3tA6TNrlUfEUDUNHizlvHW,UgkxZ_b33llhim3tA6TNrlUfEUDUNHizlvHW,0:34,1:08,tracks/UgkxZ_b33llhim3tA6TNrlUfEUDUNHizlvHW.mp3,hip_hop
221,223,223,224,50 Cent,Candy Shop,12.75,3.33,20.25,25.08,7.21,54.62,35.0,5.25,0.0,13.72,44.81,2.62,0.9,3.88,3.5,5D2mYZuzcgjpchVY1pmTPh,https://youtube.com/clip/UgkxhZKaCibKVoF7D08iAtBOgJ6J7gBVqXh_,UgkxhZKaCibKVoF7D08iAtBOgJ6J7gBVqXh_,0:25,1:13,tracks/UgkxhZKaCibKVoF7D08iAtBOgJ6J7gBVqXh_.mp3,hip_hop
222,224,224,225,2Pac,Keep Ya Head Up,8.25,9.62,8.83,8.17,30.33,23.0,10.08,6.0,4.17,13.04,16.54,5.08,0.65,1.96,2.92,4Tttv4p2xuAq1LpQ7LI95E,,,,,tracks/4Tttv4p2xuAq1LpQ7LI95E.mp3,hip_hop
223,226,226,227,Geto Boys,Mind Playing Tricks On Me,12.57,8.04,2.04,0.0,7.83,18.39,11.61,33.22,1.09,6.1,15.0,17.15,0.79,1.17,2.17,63BokRfXSQhEU6Qi2dSJpZ,https://youtube.com/clip/Ugkxh5BeP6KcqjdYlVYhmGNbpjHeqZ1rbhrL,Ugkxh5BeP6KcqjdYlVYhmGNbpjHeqZ1rbhrL,0:35,1:13,tracks/Ugkxh5BeP6KcqjdYlVYhmGNbpjHeqZ1rbhrL.mp3,hip_hop
224,227,227,228,NAS,If I Ruled The World (Imagine That),12.61,19.48,6.96,2.3,15.96,27.83,23.35,14.17,0.0,11.46,25.59,7.09,0.71,1.52,2.65,5PQmSHzWnlgG4EBuIqjac2,https://youtube.com/clip/UgkxQFUMB9ZvzMD0TTOh5xu6fX-aFVRuwjJP,UgkxQFUMB9ZvzMD0TTOh5xu6fX-aFVRuwjJP,1:09,1:44,tracks/UgkxQFUMB9ZvzMD0TTOh5xu6fX-aFVRuwjJP.mp3,hip_hop
225,228,228,229,OutKast,Ms. Jackson,24.0,5.75,35.35,2.05,4.05,42.2,15.45,11.65,6.35,14.24,28.82,9.0,0.81,3.3,3.15,0I3q5fE6wg7LIfHGngUTnV,,,,,tracks/0I3q5fE6wg7LIfHGngUTnV.mp3,hip_hop
226,229,229,230,Kendrick Lamar,i,7.58,6.95,0.0,1.84,3.58,29.26,15.79,22.68,0.0,3.99,22.53,11.34,0.78,1.63,2.42,7wdzLe2Gsx1RGqbvYZHASz,https://youtube.com/clip/UgkxS_Zf6GeAQ5Wb_1Gfdz-EVBhrebmlb6Yn,UgkxS_Zf6GeAQ5Wb_1Gfdz-EVBhrebmlb6Yn,1:22,2:00,tracks/UgkxS_Zf6GeAQ5Wb_1Gfdz-EVBhrebmlb6Yn.mp3,hip_hop
227,230,230,231,Kanye West,Gold Digger,24.79,4.62,23.5,5.76,11.76,62.32,36.79,9.71,0.0,14.09,49.56,4.85,0.94,4.12,3.76,1PS1QMdUqOal0ai3Gt7sDQ,https://youtube.com/clip/UgkxybNuZJ2bizLIpsayCS2Ic_hs6eynvZ3L,UgkxybNuZJ2bizLIpsayCS2Ic_hs6eynvZ3L,0:20,1:03,tracks/UgkxybNuZJ2bizLIpsayCS2Ic_hs6eynvZ3L.mp3,hip_hop
228,231,231,232,Max Herre,1Ste Liebe,7.74,5.62,13.47,12.65,20.53,21.59,0.91,18.71,0.0,12.0,11.25,9.35,0.74,1.18,2.32,20xi5ZLlmFLqXtsoNlcqYs,https://youtube.com/clip/UgkxPYKNzlOjeAyCaSpcaSrt1ej0Bag694wV,UgkxPYKNzlOjeAyCaSpcaSrt1ej0Bag694wV,1:20,1:57,tracks/UgkxPYKNzlOjeAyCaSpcaSrt1ej0Bag694wV.mp3,hip_hop
229,232,232,233,Future,Mask Off,18.29,5.32,10.09,5.68,5.44,31.56,26.12,19.97,2.62,8.96,28.84,11.29,0.82,2.74,2.68,0VgkVdmE4gld66l8iyGjgx,https://youtube.com/clip/Ugkx5J3xH7SZ9jDFtpl8pdxAnMiSb-GPCrhY,Ugkx5J3xH7SZ9jDFtpl8pdxAnMiSb-GPCrhY,1:27,2:06,tracks/Ugkx5J3xH7SZ9jDFtpl8pdxAnMiSb-GPCrhY.mp3,hip_hop
230,233,233,234,Ice Cube,It Was A Good Day,5.32,3.32,13.56,4.29,16.03,21.5,10.0,19.97,0.0,8.51,15.75,9.99,0.71,1.65,2.38,2GrOq1y5gksYrqkc8Jzl9T,https://youtube.com/clip/Ugkx7zgQVqyx27SS463zhiTuKgY6TFpsLk_D,Ugkx7zgQVqyx27SS463zhiTuKgY6TFpsLk_D,0:59,1:29,tracks/Ugkx7zgQVqyx27SS463zhiTuKgY6TFpsLk_D.mp3,hip_hop
231,234,234,235,eRRdeKa,EdoppelR,8.81,4.67,3.81,0.0,11.53,26.4,12.79,19.51,1.35,5.77,19.59,10.43,0.85,1.4,2.4,,https://youtube.com/clip/UgkxBl1mEDuDJTcfug2835bM33WCjugjBM_p,UgkxBl1mEDuDJTcfug2835bM33WCjugjBM_p,0:40,1:16,tracks/UgkxBl1mEDuDJTcfug2835bM33WCjugjBM_p.mp3,hip_hop
232,235,235,236,Yung Hurn,Bianco,15.3,6.47,6.56,5.09,19.3,19.14,4.37,23.93,2.98,10.54,11.76,13.45,0.76,1.79,2.42,1vfVPUkl5v0HXWCEgQJHOf,https://youtube.com/clip/Ugkx5iVePlCYZzdnY4V8kkaoil1K4vkCmpyC,Ugkx5iVePlCYZzdnY4V8kkaoil1K4vkCmpyC,1:05,1:40,tracks/Ugkx5iVePlCYZzdnY4V8kkaoil1K4vkCmpyC.mp3,hip_hop
233,236,236,237,Blackalicious,Alphabet Aerobics,24.82,16.52,1.61,0.0,10.36,37.58,28.39,27.48,0.0,10.66,32.98,13.74,0.9,1.58,2.82,4z5L0qDduw3w1apQ4Qa6KV,https://youtube.com/clip/Ugkxn3EzDMNazJQMMWZfJLQeBxQKUpz2R7ik,Ugkxn3EzDMNazJQMMWZfJLQeBxQKUpz2R7ik,0:11,1:01,tracks/Ugkxn3EzDMNazJQMMWZfJLQeBxQKUpz2R7ik.mp3,hip_hop
234,237,237,238,SSIO,Sim-Karte,10.22,9.66,5.66,0.0,10.25,32.81,26.19,23.88,0.0,7.16,29.5,11.94,0.85,1.75,2.66,4boJTTrr04CNomqZj9SJ4f,https://youtube.com/clip/UgkxysIgcy_4uD84L41xB_BHI_cyFy2D92pI,UgkxysIgcy_4uD84L41xB_BHI_cyFy2D92pI,1:36,2:15,tracks/UgkxysIgcy_4uD84L41xB_BHI_cyFy2D92pI.mp3,hip_hop
235,238,238,239,Drake,Too Much,16.75,15.66,22.78,15.69,22.47,20.06,18.59,12.0,6.16,18.67,19.33,9.08,0.12,1.5,2.84,5LnXWeA9tuWKI2C1H74iiJ,https://youtube.com/clip/UgkxwsSGKlnDB4tYHlE1dMUzGlV0JJVOL7ce,UgkxwsSGKlnDB4tYHlE1dMUzGlV0JJVOL7ce,0:31,1:20,tracks/5LnXWeA9tuWKI2C1H74iiJ.mp3,hip_hop
236,239,239,240,A$AP Rocky,Fashion Killa,6.91,9.7,7.97,9.73,12.91,20.73,8.12,16.06,3.45,9.44,14.42,9.76,0.38,1.48,2.0,0O3TAouZE4vL9dM5SyxgvH,https://youtube.com/clip/Ugkxu0uQao7t41a26OSEZ7X5EmP5WVH8UbUs,Ugkxu0uQao7t41a26OSEZ7X5EmP5WVH8UbUs,0:51,1:28,tracks/Ugkxu0uQao7t41a26OSEZ7X5EmP5WVH8UbUs.mp3,hip_hop
237,240,240,241,Obie Trice,Got some Teeth,3.46,12.92,8.38,5.5,12.35,50.81,33.88,22.04,0.0,8.52,42.35,11.02,0.91,1.19,2.81,7tszeVkfxO5ISkjZWpIG88,https://youtube.com/clip/UgkxwngwihkN9iE0tExYaydT7DaUT-rgeFqa,UgkxwngwihkN9iE0tExYaydT7DaUT-rgeFqa,0:25,1:15,tracks/UgkxwngwihkN9iE0tExYaydT7DaUT-rgeFqa.mp3,hip_hop
238,241,241,242,CunninLynguists,Love Ain't,15.23,21.73,19.23,5.38,7.69,34.65,34.65,19.31,6.04,13.85,34.65,12.67,0.74,1.31,3.08,6qfna7A7WvUwyNoqVwbhnc,https://youtube.com/clip/UgkxlI263XMJfcPHUJwbehVTwCNmkArawAfE,UgkxlI263XMJfcPHUJwbehVTwCNmkArawAfE,0:24,1:08,tracks/UgkxlI263XMJfcPHUJwbehVTwCNmkArawAfE.mp3,hip_hop
239,242,242,243,Jay-Z,Ni**as In Paris,16.62,11.5,15.92,3.73,3.85,60.38,51.46,28.19,0.0,10.32,55.92,14.1,0.94,2.69,3.35,4Li2WHPkuyCdtmokzW2007,https://youtube.com/clip/UgkxAPRwScOtAsH7lNmTXrrFrOPHFa8aEtuP,UgkxAPRwScOtAsH7lNmTXrrFrOPHFa8aEtuP,0:39,1:33,tracks/UgkxAPRwScOtAsH7lNmTXrrFrOPHFa8aEtuP.mp3,hip_hop
240,243,243,244,CunninLynguists,Valley of Death,18.65,23.39,19.96,0.0,4.65,27.87,20.52,15.3,2.04,13.33,24.2,8.67,0.7,1.22,2.7,3rvuvqoC0zvoUkog7EKLMv,,,,,tracks/3rvuvqoC0zvoUkog7EKLMv.mp3,hip_hop
241,244,244,245,Eminem,Till I Collapse,19.73,26.67,7.83,1.67,0.0,42.93,55.17,16.67,0.0,11.18,49.05,8.33,0.94,3.3,3.3,4xkOaSrkexMciUUogZKVTS,https://youtube.com/clip/UgkxUbcbREprQ8lxVaIbuvzZ570V5w_eNiON,UgkxUbcbREprQ8lxVaIbuvzZ570V5w_eNiON,0:52,1:22,tracks/UgkxUbcbREprQ8lxVaIbuvzZ570V5w_eNiON.mp3,hip_hop
242,245,245,246,Kendrick Lamar,Rigamortus,9.67,5.5,3.4,2.93,9.5,34.47,24.53,30.8,1.37,6.2,29.5,16.08,0.89,1.3,2.5,2lD6AoA8qf2t4Dkf2TcmNK,https://youtube.com/clip/Ugkx4ADkHLGNj1m5ztwo08fC9cfse41HUoAj,Ugkx4ADkHLGNj1m5ztwo08fC9cfse41HUoAj,0:36,1:23,tracks/Ugkx4ADkHLGNj1m5ztwo08fC9cfse41HUoAj.mp3,hip_hop
243,246,246,247,Chinese Man,I've Got That Tune,24.37,10.63,8.23,10.1,26.87,50.97,24.5,10.9,0.0,16.04,37.73,5.45,0.9,1.43,3.23,6ZOeDXutLpSGqA1sSL6LrL,https://youtube.com/clip/Ugkxl8V8xIDseh5mZvsg3Ry96BpP--D9opcP,Ugkxl8V8xIDseh5mZvsg3Ry96BpP--D9opcP,2:29,3:12,tracks/Ugkxl8V8xIDseh5mZvsg3Ry96BpP--D9opcP.mp3,hip_hop
244,247,247,248,Kendrick Lamar,Alright,9.73,5.95,5.95,0.0,7.51,24.92,15.35,19.0,0.0,5.83,20.14,9.5,0.78,2.0,2.24,3iVcZ5G6tvkXZkZKlMpIUs,https://youtube.com/clip/UgkxPHROtDPzARhhsdqX8YLXqcNPRExmYyGh,UgkxPHROtDPzARhhsdqX8YLXqcNPRExmYyGh,3:18,4:04,tracks/UgkxPHROtDPzARhhsdqX8YLXqcNPRExmYyGh.mp3,hip_hop
245,248,248,249,Eminem,Shake That,8.76,3.64,11.4,0.6,10.28,37.72,15.12,10.84,0.0,6.94,26.42,5.42,0.86,2.36,2.88,0fGh0trRN1xz3s41r7V5ce,https://youtube.com/clip/WrjwGPb0Hvw?start=167,WrjwGPb0Hvw?start=167,2:47,3:30,tracks/0fGh0trRN1xz3s41r7V5ce.mp3,hip_hop
246,249,249,250,Immortal Technique,Freedom Of Speech,8.08,6.2,6.12,0.68,8.76,23.44,15.64,23.68,1.76,5.97,19.54,12.72,0.74,1.28,2.48,6fx3RqwMuR3k7M1bCpUFKJ,,,,,tracks/6fx3RqwMuR3k7M1bCpUFKJ.mp3,hip_hop
247,250,250,251,Sage Francis,Crack Pipes,9.32,17.64,12.96,1.84,6.6,8.44,16.0,24.48,12.36,9.67,12.22,18.42,0.52,1.2,2.28,0BbYnQHDdUNO5e38PK3GOX,https://youtube.com/clip/Ugkxcgjs2MEX3oDUTZJGrphrfKkoNRg_44aL,Ugkxcgjs2MEX3oDUTZJGrphrfKkoNRg_44aL,0:20,1:11,tracks/Ugkxcgjs2MEX3oDUTZJGrphrfKkoNRg_44aL.mp3,hip_hop
248,251,251,252,Blackstreet,No Diggity,30.0,6.76,19.6,7.96,23.2,33.88,14.08,3.6,0.0,17.5,23.98,1.8,0.8,3.0,3.36,6MdqqkQ8sSC0WB4i8PyRuQ,https://youtube.com/clip/Ugkx0UsizXtbMI2zJPi4AObyTIb0gJmK0KYB,Ugkx0UsizXtbMI2zJPi4AObyTIb0gJmK0KYB,1:05,1:49,tracks/Ugkx0UsizXtbMI2zJPi4AObyTIb0gJmK0KYB.mp3,hip_hop
249,252,252,253,NAS,N.Y. State of Mind,2.4,10.3,1.45,0.0,6.5,23.3,27.75,32.45,3.6,4.13,25.52,18.02,0.85,1.2,2.05,0trHOzAhNpGCsGBEu7dOJo,https://youtube.com/clip/UgkxcIw-zmh7aFX4IwPWGXjuVNMj17Xr2DKa,UgkxcIw-zmh7aFX4IwPWGXjuVNMj17Xr2DKa,0:29,1:08,tracks/UgkxcIw-zmh7aFX4IwPWGXjuVNMj17Xr2DKa.mp3,hip_hop
250,253,253,254,Nicki Minaj,Moment 4 Life,14.75,23.85,3.2,0.0,4.8,44.05,44.0,15.45,0.85,9.32,44.02,8.15,0.89,2.0,2.95,1ia019RqDK2o4QiANR1Dyn,https://youtube.com/clip/UgkxhOH25PgSEUkU5mNTRLHHQ-V3kL7OKMyU,UgkxhOH25PgSEUkU5mNTRLHHQ-V3kL7OKMyU,0:00,0:39,tracks/UgkxhOH25PgSEUkU5mNTRLHHQ-V3kL7OKMyU.mp3,hip_hop
251,254,254,255,Missy Elliott,Work It,12.91,8.91,5.3,2.3,0.43,39.22,20.48,19.65,0.0,5.97,29.85,9.83,0.83,2.57,2.52,3jagJCUbdqhDSPuxP8cAqF,,,,,tracks/3jagJCUbdqhDSPuxP8cAqF.mp3,hip_hop
252,255,255,256,Marteria,Kids,5.48,15.13,4.04,0.0,12.48,35.61,7.78,18.7,5.0,7.43,21.7,11.85,0.78,1.57,2.13,6lxTIMeCLEkj48TlCRG3XX,https://youtube.com/clip/UgkxkOCPBrbry70xR48trTHolY2-UZ16kstQ,UgkxkOCPBrbry70xR48trTHolY2-UZ16kstQ,0:37,1:15,tracks/UgkxkOCPBrbry70xR48trTHolY2-UZ16kstQ.mp3,hip_hop
253,256,256,257,Wiz Khalifa,"Young, Wild & Free",25.33,13.28,23.61,9.78,8.78,51.83,17.61,18.94,0.0,16.16,34.72,9.47,0.81,3.28,3.22,5HQVUIKwCEXpe7JIHyY734,https://youtube.com/clip/UgkxCvIDJmDT3LI2bByGdPRUfLQcjUwxCj63,UgkxCvIDJmDT3LI2bByGdPRUfLQcjUwxCj63,1:19,1:58,tracks/UgkxCvIDJmDT3LI2bByGdPRUfLQcjUwxCj63.mp3,hip_hop
254,257,257,258,Why SL Know Plug,Rite Back,12.63,8.19,0.56,0.0,2.3,35.07,18.11,15.22,0.81,4.73,26.59,8.02,0.88,1.33,2.56,5c2LdL9xlXX0CyPry5UDIR,https://youtube.com/clip/UgkxtqzDFHjQIkX5tSVrUyjyEoXFIbxKSV7b,UgkxtqzDFHjQIkX5tSVrUyjyEoXFIbxKSV7b,0:29,0:59,tracks/UgkxtqzDFHjQIkX5tSVrUyjyEoXFIbxKSV7b.mp3,hip_hop
255,258,258,259,Black Hippy,Control,4.85,9.19,1.48,0.0,2.59,24.11,20.74,34.44,1.63,3.62,22.43,18.04,0.88,1.22,2.48,18lRXAROle06PhNpCqRoSV,https://youtube.com/clip/Ugkxg8OwJw0DMFF2Ayuk6j2JOpgKQ3YH657w,Ugkxg8OwJw0DMFF2Ayuk6j2JOpgKQ3YH657w,0:11,0:56,tracks/Ugkxg8OwJw0DMFF2Ayuk6j2JOpgKQ3YH657w.mp3,hip_hop
256,259,259,260,Dr. Dre,Still D.R.E.,16.0,14.75,27.19,3.0,20.47,38.0,46.88,11.47,0.0,16.28,42.44,5.73,0.91,4.06,3.84,503OTo2dSqe7qk76rgsbep,https://youtube.com/clip/UgkxdRaji-a4BT10TlHVMim4VkgyR10J4JTP,UgkxdRaji-a4BT10TlHVMim4VkgyR10J4JTP,7200:00,1:38,tracks/UgkxdRaji-a4BT10TlHVMim4VkgyR10J4JTP.mp3,hip_hop
257,260,260,261,Haftbefehl,Lass Die Affen Aus'm Zoo,6.58,13.94,5.71,1.32,4.0,26.9,30.23,45.55,0.97,6.31,28.56,23.26,0.9,1.45,2.26,6QNgcN2uHhXJG4RWDPyQQF,https://youtube.com/clip/Ugkxmy_ga4iNe70znKUgLpNdaPv6HYgHWJUp,Ugkxmy_ga4iNe70znKUgLpNdaPv6HYgHWJUp,0:42,1:12,tracks/Ugkxmy_ga4iNe70znKUgLpNdaPv6HYgHWJUp.mp3,hip_hop
258,261,261,262,J. Cole,Wet Dreamz,31.48,13.77,21.84,20.55,30.77,34.74,23.58,11.13,2.1,23.68,29.16,6.61,0.72,2.23,3.48,4tqcoej1zPvwePZCzuAjJd,https://youtube.com/clip/UgkxVxedlvq78WoVJgVDYux2zHCgEQ8IOTgq,UgkxVxedlvq78WoVJgVDYux2zHCgEQ8IOTgq,0:00,0:35,tracks/UgkxVxedlvq78WoVJgVDYux2zHCgEQ8IOTgq.mp3,hip_hop
259,262,262,263,Dr. Dre,Nuthin' But A G thang,20.97,6.45,15.81,7.13,20.48,42.9,22.77,13.74,1.61,14.17,32.84,7.68,0.81,2.26,3.0,4YtoipFgf4k0AfD17ZfD5X,,,,,tracks/4YtoipFgf4k0AfD17ZfD5X.mp3,hip_hop
260,263,263,264,Soul Position,Priceless,11.93,5.89,2.07,5.85,18.26,35.78,7.52,10.52,0.0,8.8,21.65,5.26,0.87,1.19,2.52,7I4ozG1g4D5H7FvKkMe27n,https://youtube.com/clip/UgkxYUpu9BAz8-d7_Q0IPPLGibsj2-B7BOm8,UgkxYUpu9BAz8-d7_Q0IPPLGibsj2-B7BOm8,0:30,1:05,tracks/UgkxYUpu9BAz8-d7_Q0IPPLGibsj2-B7BOm8.mp3,hip_hop
261,264,264,265,Die Orsons,Ventilator,9.26,5.59,2.33,0.56,5.19,24.67,5.56,21.0,0.74,4.59,15.11,10.87,0.85,1.52,1.93,5j9djud18VQob3Ec3FUoy0,https://youtube.com/clip/UgkxGRvWV0EKHd0SfJ1IW6htTS0h35VmxMga,UgkxGRvWV0EKHd0SfJ1IW6htTS0h35VmxMga,0:24,0:54,tracks/UgkxGRvWV0EKHd0SfJ1IW6htTS0h35VmxMga.mp3,hip_hop
262,265,265,266,Method Man,Part II,16.85,3.52,2.22,1.52,16.44,35.26,19.3,14.78,0.0,8.11,27.28,7.39,0.86,1.74,2.7,2n7h09QrGitVul66b2D8Re,https://youtube.com/clip/UgkxrWMSp4Za-R9LoFhFoBBz_-kue64UEhtF,UgkxrWMSp4Za-R9LoFhFoBBz_-kue64UEhtF,0:30,1:16,tracks/UgkxrWMSp4Za-R9LoFhFoBBz_-kue64UEhtF.mp3,hip_hop
263,266,266,267,Public Enemy,Harder Than You Think,23.59,9.45,6.66,0.0,8.72,47.28,38.83,20.21,2.59,9.68,43.05,11.4,0.91,2.1,2.9,5YpZh8wfS4moRBk0ijNcXr,https://youtube.com/clip/UgkxpVOO0TSOqDoD9F6HShVu3Th8Pvs-qxbq,UgkxpVOO0TSOqDoD9F6HShVu3Th8Pvs-qxbq,1:15,2:00,tracks/UgkxpVOO0TSOqDoD9F6HShVu3Th8Pvs-qxbq.mp3,hip_hop
264,267,267,268,Mattafix,Big City Life,29.48,18.86,21.83,12.34,23.72,39.21,18.9,7.66,0.0,21.25,29.05,3.83,0.77,2.31,2.86,4stm6lf1vQBSl7Eq4Npzr0,https://youtube.com/clip/UgkxSGQfRxnFhbwBogiTRiiADnSJ5HdoUsYa,UgkxSGQfRxnFhbwBogiTRiiADnSJ5HdoUsYa,1:14,1:51,tracks/UgkxSGQfRxnFhbwBogiTRiiADnSJ5HdoUsYa.mp3,hip_hop
265,268,268,269,Tyler The Creator,Yonkers,9.72,7.21,0.0,5.17,5.72,17.21,32.45,34.55,4.41,5.57,24.83,19.48,0.84,1.66,2.38,3WQlJpaUUbGtUqAskvGA7c,https://youtube.com/clip/Ugkxq3Gph_4kLF6SklCby3vSJayTHDuPi7LY,Ugkxq3Gph_4kLF6SklCby3vSJayTHDuPi7LY,1:00,1:50,tracks/3WQlJpaUUbGtUqAskvGA7c.mp3,hip_hop
266,269,269,270,Green Day,Know Your Enemy,20.43,21.0,33.5,5.57,9.14,34.93,49.07,15.36,6.5,17.93,42.0,10.93,0.89,2.64,3.14,5qtwzv99vOr5UTwnTixn7j,,,,,tracks/5qtwzv99vOr5UTwnTixn7j.mp3,rock
267,270,270,271,AedFX,Warning,11.37,15.03,0.0,2.0,12.33,35.4,21.8,50.23,3.37,8.15,28.6,26.8,0.92,1.13,2.1,3mHgqUyhKCBo2PKh18sWeo,,,,,tracks/3mHgqUyhKCBo2PKh18sWeo.mp3,hip_hop
268,271,271,272,brillion,Aurora,19.93,14.14,38.24,38.93,61.28,8.93,0.0,4.97,1.52,34.5,4.47,3.24,0.95,1.48,3.41,3dsMce7p7FYwsxvHZQuaRP,,,,,tracks/3dsMce7p7FYwsxvHZQuaRP.mp3,hip_hop
269,272,272,273,Claptu,sad octopus,17.28,11.6,34.28,26.49,57.53,4.63,1.19,2.23,3.26,29.44,2.91,2.74,0.96,1.23,3.3,6IGd96b2eVkKVhwCW1NJ1e,,,,,tracks/6IGd96b2eVkKVhwCW1NJ1e.mp3,hip_hop
270,273,273,274,Claptu,Aper,14.92,11.8,31.8,39.44,57.84,7.12,0.0,9.16,0.8,31.16,3.56,4.98,0.93,1.04,3.36,4tC89UWVzU3PqdqdiQbAdo,,,,,tracks/4tC89UWVzU3PqdqdiQbAdo.mp3,hip_hop
271,274,274,275,DECAP,Panther,12.35,16.35,0.48,2.0,5.0,24.78,12.61,49.04,0.0,7.23,18.7,24.52,0.92,1.0,1.74,1WmdcotlVastYfmwlvK7x2,,,,,tracks/1WmdcotlVastYfmwlvK7x2.mp3,hip_hop
272,275,275,276,Dexter,Everyday Like This,11.95,1.03,1.86,8.38,9.38,27.0,9.41,17.89,1.05,6.52,18.2,9.47,0.8,1.43,2.59,1IjtbDa43lCjIbClrprdrP,,,,,tracks/1IjtbDa43lCjIbClrprdrP.mp3,hip_hop
273,276,276,277,Dj Shadow,Building Steam With A Grain of Salt,9.34,12.38,6.97,6.28,9.72,20.0,15.66,40.24,5.83,8.94,17.83,23.03,0.79,1.21,2.34,4cucslsiEgezV2o900Ykg3,,,,,tracks/4cucslsiEgezV2o900Ykg3.mp3,hip_hop
274,279,279,280,Idealism,controlla,22.07,8.81,37.48,29.96,56.7,11.89,3.26,0.0,12.48,31.01,7.57,6.24,0.93,1.22,3.52,7woCxOw0jmj65ohlQ3x0tH,,,,,tracks/7woCxOw0jmj65ohlQ3x0tH.mp3,hip_hop
275,280,280,281,Joey Pecoraro,Your Favorite Place,25.81,34.19,22.94,41.84,65.16,21.9,8.9,9.45,2.35,37.99,15.4,5.9,0.92,1.48,3.52,2p6es5NEF5CBRrKC1lJHri,,,,,tracks/2p6es5NEF5CBRrKC1lJHri.mp3,hip_hop
276,281,281,282,Lord Finesse,Midas Era,19.5,16.62,12.96,4.31,29.88,39.08,15.77,22.23,1.12,16.65,27.42,11.67,0.78,1.27,2.69,6v0AYQ5YoF51yzGY0v0Dyg,,,,,tracks/6v0AYQ5YoF51yzGY0v0Dyg.mp3,hip_hop
277,283,283,284,Philanthrope,pueblo,13.0,18.15,23.67,17.94,44.06,10.91,3.85,7.24,3.85,23.36,7.38,5.55,0.89,1.24,3.03,3oYUtjjvbSxN40CQ71ZvTd,,,,,tracks/3oYUtjjvbSxN40CQ71ZvTd.mp3,hip_hop
278,285,285,286,Suff Daddy,K C Vodka,0.0,5.57,1.48,3.33,13.29,18.67,10.71,25.48,3.43,4.73,14.69,14.45,0.72,1.0,1.86,701ScIvdwIVub5swI6ObLG,,,,,tracks/701ScIvdwIVub5swI6ObLG.mp3,hip_hop
279,286,286,287,The Deli,5:32pm,15.27,16.04,38.54,27.54,57.15,13.42,1.77,10.96,0.0,30.91,7.6,5.48,0.92,1.19,2.88,7qrBYrivpvfXUPBMmqh3dA,,,,,tracks/7qrBYrivpvfXUPBMmqh3dA.mp3,hip_hop
280,287,287,288,Tom Doolie,Blue Book,15.64,12.56,34.47,28.44,48.58,9.31,0.0,8.14,3.71,27.94,4.65,5.92,0.96,1.25,3.22,3E4LT4SvrEhGKIzyAeezEa,,,,,tracks/3E4LT4SvrEhGKIzyAeezEa.mp3,hip_hop
281,289,289,290,No Spirit,Glowing Lights,6.43,15.32,19.16,20.65,52.92,3.16,4.59,5.54,5.78,22.9,3.88,5.66,0.93,1.49,3.11,3KunPHIvhxrUaHny2Z1J9w,,,,,tracks/3KunPHIvhxrUaHny2Z1J9w.mp3,hip_hop
282,290,290,291,Rancid,Time Bomb,5.06,3.75,15.94,1.62,5.06,34.81,24.19,21.44,1.62,6.29,29.5,11.53,0.84,1.25,2.62,41kg2RvdwBuIv0OPpvBS4v,,,,,tracks/41kg2RvdwBuIv0OPpvBS4v.mp3,rock
283,291,291,292,Amy Winehouse,I Heard Love Is Blind,24.73,13.09,17.73,26.45,40.36,31.55,2.18,3.64,5.91,24.47,16.86,4.77,0.8,1.18,2.55,3Li4nWTnkUu19vxkhNW9td,,,,,tracks/3Li4nWTnkUu19vxkhNW9td.mp3,jazz
284,292,292,293,Madeleine Peyroux,To Love You All Over Again,22.33,21.25,31.0,25.58,41.75,10.08,7.17,0.75,23.17,28.38,8.62,11.96,0.85,1.08,3.0,4EPwpBN0t11bIxjsAI8oaF,,,,,tracks/4EPwpBN0t11bIxjsAI8oaF.mp3,jazz
285,294,294,295,Paradise Lost,Faith Divides Us - Death Unites Us,13.84,17.26,9.79,3.89,6.74,13.16,37.32,46.58,17.89,10.31,25.24,32.24,0.88,1.16,2.42,5gOjvocmJZQ05QBSE9xIkR,,,,,tracks/5gOjvocmJZQ05QBSE9xIkR.mp3,rock
286,295,295,296,Fafï¿½ de Belï¿½m,Foi Assim,14.67,13.83,28.21,22.42,29.88,15.21,9.33,7.46,11.62,21.8,12.27,9.54,0.81,1.12,2.17,55snJzt0NFIY0unGMjMuw9,,,,,tracks/55snJzt0NFIY0unGMjMuw9.mp3,jazz
287,296,296,297,Lucky Twice,Lucky,14.14,8.67,22.81,20.71,11.05,35.67,34.57,11.05,7.0,15.48,35.12,9.02,0.79,1.9,2.95,4Td50xcLZQOrOHQeG0vULJ,,,,,tracks/4Td50xcLZQOrOHQeG0vULJ.mp3,pop
288,297,297,298,t.A.T.u.,All the Things She Said,25.62,20.69,29.23,19.08,15.54,34.92,46.69,12.0,13.77,22.03,40.81,12.88,0.72,2.23,3.46,4bJygwUKrRgq1stlNXcgMg,,,,,tracks/4bJygwUKrRgq1stlNXcgMg.mp3,pop
289,298,298,299,Daft Punk,Lose Yourself To Dance,12.43,19.43,15.76,4.48,15.76,36.67,23.52,9.57,7.95,13.57,30.1,8.76,0.74,2.19,2.95,5CMjjywI0eZMixPeqNd75R,,,,,tracks/5CMjjywI0eZMixPeqNd75R.mp3,funk_soul
290,299,299,300,Cult of Luna,Thirtyfour,6.35,15.87,9.68,1.45,5.71,8.9,33.65,38.68,7.94,7.81,21.27,23.31,0.9,1.0,2.03,59mzCn4G9KcuIWoksoe2aq,,,,,tracks/59mzCn4G9KcuIWoksoe2aq.mp3,rock
291,300,300,301,Fergie,Big Girls Don't Cry,14.79,18.89,30.37,22.11,22.58,32.53,23.74,3.74,15.89,21.75,28.13,9.82,0.72,3.11,3.21,3Q4WeJmzxuDpzMu9QjQqbM,,,,,tracks/3Q4WeJmzxuDpzMu9QjQqbM.mp3,pop
292,301,301,302,Thievery Corporation,The Richest Man in Babylon,10.93,11.73,11.87,11.67,28.07,31.2,29.87,8.27,7.07,14.85,30.53,7.67,0.71,1.47,2.73,20F3FcES8KU4kffMCkFgNN,,,,,tracks/20F3FcES8KU4kffMCkFgNN.mp3,electronic
293,302,302,303,Kylie Minogue,Skirt,13.29,11.29,11.0,11.14,3.43,37.93,47.36,22.71,0.36,10.03,42.64,11.54,0.84,1.5,3.14,4HS4veWZYPzHvEmVxrVEoy,,,,,tracks/4HS4veWZYPzHvEmVxrVEoy.mp3,electronic
294,303,303,304,Sia,The Church of What's Happening Now,40.23,34.85,38.77,37.23,48.85,15.77,12.46,10.54,40.85,39.98,14.12,25.69,0.78,1.23,3.08,2NIq6qD7oM7SRT0C7kobr5,,,,,tracks/2NIq6qD7oM7SRT0C7kobr5.mp3,electronic
295,304,304,305,The Weather Girls,It's Raining Men,24.71,27.86,59.07,20.64,0.86,77.5,63.57,7.36,0.21,26.63,70.54,3.79,0.96,4.64,4.36,4caiYv89C9GZdDD1RzshWd,,,,,tracks/4caiYv89C9GZdDD1RzshWd.mp3,funk_soul
296,305,305,306,blink-182,Online Songs,12.85,7.15,24.92,3.08,8.0,58.38,49.62,12.0,1.38,11.2,54.0,6.69,0.94,1.85,3.15,2DcxTfOm8y2UgeP81qdidR,,,,,tracks/2DcxTfOm8y2UgeP81qdidR.mp3,rock
297,306,306,307,Darren Styles,Cutting Deep,10.36,26.43,5.29,0.0,5.36,42.21,36.29,27.93,1.71,9.49,39.25,14.82,0.85,1.21,2.71,2GOGJIN0VMUFrHtyKvmkQn,,,,,tracks/2GOGJIN0VMUFrHtyKvmkQn.mp3,electronic
298,307,307,308,Leo Sayer,More Than I Can Say,12.33,17.29,30.38,22.24,34.95,15.24,8.33,4.95,14.38,23.44,11.79,9.67,0.83,1.52,2.76,3RJ81z1sPLeWEFuCfGaCLC,,,,,tracks/3RJ81z1sPLeWEFuCfGaCLC.mp3,rock
299,308,308,309,Air Supply,The One That You Love,22.06,17.0,30.56,42.06,18.19,21.81,15.69,7.31,23.38,25.98,18.75,15.34,0.7,2.0,3.12,3FDAd5vW4P7xe1GBNOLyfD,,,,,tracks/3FDAd5vW4P7xe1GBNOLyfD.mp3,rock
300,309,309,310,Mr. Mister,Broken Wings,34.41,24.94,49.59,20.59,26.76,20.71,24.35,3.88,9.82,31.26,22.53,6.85,0.8,3.29,3.47,78FHUZRbFDCG6VkRAQdFLm,,,,,tracks/78FHUZRbFDCG6VkRAQdFLm.mp3,rock
301,310,310,311,Hooverphonic,One,19.69,17.62,30.06,34.31,33.75,12.12,6.5,6.62,12.62,27.09,9.31,9.62,0.81,1.06,2.56,6g7ervcGNeDlHFQFXkcSzS,,,,,tracks/6g7ervcGNeDlHFQFXkcSzS.mp3,electronic
302,311,311,312,Paul McCartney,The Lovely Linda,21.59,12.47,45.59,30.41,54.59,24.71,5.65,6.94,15.0,32.93,15.18,10.97,0.92,1.41,2.76,0Ca2mDERpTFmnttcSt9UcR,,,,,tracks/0Ca2mDERpTFmnttcSt9UcR.mp3,rock
303,312,312,313,Owl City,Lucid Dream,28.33,24.33,27.0,17.56,45.11,28.89,15.44,2.22,4.78,28.47,22.17,3.5,0.74,1.89,3.33,4icP6VWlKBLIHzl0bBD4xw,,,,,tracks/4icP6VWlKBLIHzl0bBD4xw.mp3,electronic
304,313,313,314,Stevie Wonder,I Just Called to Say I Love You,28.91,12.64,47.36,54.73,54.91,48.09,11.82,1.27,13.64,39.71,29.95,7.45,0.86,3.55,3.91,6RNDeRnWsRMjPdNVgupZCs,,,,,tracks/6RNDeRnWsRMjPdNVgupZCs.mp3,funk_soul
305,314,314,315,Massive Attack,Mezzanine,13.07,28.86,18.14,6.36,17.07,13.64,22.0,41.14,17.21,16.7,17.82,29.18,0.53,1.79,2.57,67Hna13dNDkZvBpTXRIaOJ,,,,,tracks/67Hna13dNDkZvBpTXRIaOJ.mp3,electronic
306,315,315,316,Solitude Aeturnus,Seeds of the Desolate,2.06,11.12,8.65,1.12,0.29,7.29,19.41,61.06,6.12,4.65,13.35,33.59,0.93,1.0,1.29,7emF3lKU8NmkrlmDXUTYER,,,,,tracks/7emF3lKU8NmkrlmDXUTYER.mp3,rock
307,316,316,317,"Chunk! No, Captain Chunk!",So Close and Yet So Far,13.64,5.71,27.79,7.79,10.07,51.71,49.86,19.21,9.5,13.0,50.79,14.36,0.86,1.5,3.43,4nYV0FQkrOXzruL4xFlKmL,,,,,tracks/4nYV0FQkrOXzruL4xFlKmL.mp3,rock
308,317,317,318,Sam Smith,Stay with Me,12.27,14.64,27.91,44.18,34.91,20.09,12.73,3.36,46.64,26.78,16.41,25.0,0.74,4.64,4.18,5Nm9ERjJZ5oyfXZTECKmRt,,,,,tracks/5Nm9ERjJZ5oyfXZTECKmRt.mp3,funk_soul
309,318,318,319,The Platters,My Prayer,36.56,23.75,50.56,49.88,36.0,18.19,15.25,5.56,17.38,39.35,16.72,11.47,0.88,1.5,2.94,1ntGJDSakqsaw1KhptKrB5,,,,,tracks/1ntGJDSakqsaw1KhptKrB5.mp3,funk_soul
310,319,319,320,Skrillex,First of the Year (Equinox),2.5,11.58,12.17,0.67,1.0,8.58,19.92,44.67,5.0,5.58,14.25,24.83,0.86,1.0,1.5,5i7fZq3chLyCHo3VeB6goD,,,,,tracks/5i7fZq3chLyCHo3VeB6goD.mp3,electronic
311,320,320,321,Sarah McLachlan,Elsewhere,22.35,12.47,31.12,33.41,37.12,7.0,4.59,6.47,39.47,27.29,5.79,22.97,0.87,1.24,2.65,1hBi66N1p1QyvFTHjnH2jv,,,,,tracks/1hBi66N1p1QyvFTHjnH2jv.mp3,rock
312,321,321,322,Lakeside,Fantastic Voyage,17.89,12.0,19.47,3.26,12.84,35.74,30.68,10.26,1.26,13.09,33.21,5.76,0.82,1.26,3.0,0rc9Uwm4vmnQEfx5omLWWF,,,,,tracks/0rc9Uwm4vmnQEfx5omLWWF.mp3,funk_soul
313,322,322,323,My Dying Bride,For My Fallen Angel,45.38,25.67,26.14,33.67,44.86,5.52,17.52,8.71,46.76,35.14,11.52,27.74,0.87,1.38,3.67,5oVSFQUi1hBYYRiNeOwfWy,,,,,tracks/5oVSFQUi1hBYYRiNeOwfWy.mp3,rock
314,323,323,324,St. Vincent,I Prefer Your Love,22.29,19.18,23.47,11.94,41.71,5.82,7.65,6.65,16.35,23.72,6.74,11.5,0.82,1.06,2.47,0Snb87Z4Zdn6YFMicWA7gx,,,,,tracks/0Snb87Z4Zdn6YFMicWA7gx.mp3,pop
315,324,324,325,Wild Cherry,Play That Funky Music,22.15,27.54,33.46,14.23,23.69,58.46,36.0,3.08,2.92,24.22,47.23,3.0,0.9,3.0,3.38,5uuJruktM9fMdN9Va0DUMl,,,,,tracks/5uuJruktM9fMdN9Va0DUMl.mp3,funk_soul
316,325,325,326,Sandy,Aquela dos 30,16.52,8.64,9.72,11.96,8.28,45.84,20.08,7.76,1.48,11.02,32.96,4.62,0.92,1.0,2.68,13P1ZQvK9lejmHM6h8Pnbk,,,,,tracks/13P1ZQvK9lejmHM6h8Pnbk.mp3,pop
317,326,326,327,Modern Talking,"You're My Heart, You're My Soul",7.59,5.59,15.47,8.53,14.82,24.71,15.71,12.94,5.12,10.4,20.21,9.03,0.58,1.71,2.41,0Zn63G0XTiqXwr1KSmARWz,,,,,tracks/0Zn63G0XTiqXwr1KSmARWz.mp3,pop
318,327,327,328,Karma Fields,Build The Cities (feat. Kerli),6.3,13.5,1.6,0.4,5.7,28.9,40.4,28.7,0.3,5.5,34.65,14.5,0.76,1.1,3.0,50fO3coGeBVITFxiYlHSDs,,,,,tracks/50fO3coGeBVITFxiYlHSDs.mp3,electronic
319,329,329,330,Hï¿½ndel,Lascia ch'io pianga,15.42,27.42,14.42,24.5,63.33,22.42,11.75,3.5,15.17,29.02,17.08,9.33,0.78,2.17,3.08,,https://youtube.com/clip/UgkxYADFt-D1EmdXoVDO2KJ0fQlgTNRiB0J3,UgkxYADFt-D1EmdXoVDO2KJ0fQlgTNRiB0J3,0:00,0:53,tracks/UgkxYADFt-D1EmdXoVDO2KJ0fQlgTNRiB0J3.mp3,classic
320,330,330,331,Mozart,Overture - Marriage Of Figaro,45.2,37.07,24.63,11.63,39.97,59.43,47.53,10.3,1.23,31.7,53.48,5.77,0.92,3.47,3.97,,https://youtube.com/clip/UgkxIHD7cHxBW6rvMSwLwgllUy30Z--NUcSZ,UgkxIHD7cHxBW6rvMSwLwgllUy30Z--NUcSZ,0:18,0:52,tracks/UgkxIHD7cHxBW6rvMSwLwgllUy30Z--NUcSZ.mp3,classic
321,331,331,332,Alfvï¿½n,Midsommarvaka,35.67,34.58,8.67,35.42,40.33,28.83,17.58,4.33,0.0,30.93,23.21,2.17,0.68,2.25,3.33,6bnYnAVPzpWLqG4mqC9gc3,,,,,tracks/6bnYnAVPzpWLqG4mqC9gc3.mp3,classic
322,333,333,334,Rossini,Wilhelm Tell (Ouvertï¿½re),31.64,24.82,15.18,16.64,7.55,62.36,53.73,3.73,9.27,19.16,58.05,6.5,0.77,3.91,3.64,,https://youtube.com/clip/UgkxybJ8kBJHnD0NH_qSCug2wTmq6BHK4VqE,UgkxybJ8kBJHnD0NH_qSCug2wTmq6BHK4VqE,8:45,9:42,tracks/UgkxybJ8kBJHnD0NH_qSCug2wTmq6BHK4VqE.mp3,classic
323,338,338,339,Wagner,"Tristan & Isolde, Liebestod",23.59,14.3,8.0,4.33,3.04,22.81,17.41,33.3,2.04,10.65,20.11,17.67,0.81,1.3,2.26,,https://youtube.com/clip/Ugkxk6c-yPWFHcuD1axTM9D-EJDv32Z0csjQ,Ugkxk6c-yPWFHcuD1axTM9D-EJDv32Z0csjQ,4:56,5:47,tracks/Ugkxk6c-yPWFHcuD1axTM9D-EJDv32Z0csjQ.mp3,classic
324,340,340,341,Dvorak,9. Sinfonie (II. Largo),33.7,32.36,60.58,46.09,50.39,10.82,6.48,5.85,27.55,44.62,8.65,16.7,0.92,2.91,3.94,,https://youtube.com/clip/UgkxFAA69ye9sAY1N9WDpRz5SObKLpnyEKng,UgkxFAA69ye9sAY1N9WDpRz5SObKLpnyEKng,1:08,2:01,tracks/UgkxFAA69ye9sAY1N9WDpRz5SObKLpnyEKng.mp3,classic
325,345,345,346,Faurï¿½,Romance sans Paroles,20.71,25.68,34.39,45.11,57.82,13.57,2.46,1.86,6.29,36.74,8.02,4.07,0.93,1.32,3.57,,https://youtube.com/clip/UgkxQPEqkpnGIK2-LLxuRimQ9MHxpkpmCeeg,UgkxQPEqkpnGIK2-LLxuRimQ9MHxpkpmCeeg,0:00,0:48,tracks/UgkxQPEqkpnGIK2-LLxuRimQ9MHxpkpmCeeg.mp3,classic
326,348,348,349,Mozart,Eine kleine Nachtmusik: First movement,35.18,33.32,16.61,15.79,40.79,59.71,25.54,6.39,0.0,28.34,42.62,3.2,0.91,3.25,3.75,,https://youtube.com/clip/UgkxZV0SHrZDy1AYZOZYFH8eCxgTMFI822sq,UgkxZV0SHrZDy1AYZOZYFH8eCxgTMFI822sq,2:32,3:09,tracks/UgkxZV0SHrZDy1AYZOZYFH8eCxgTMFI822sq.mp3,classic
327,352,352,353,Chopin,Impromptu No. 2,29.43,24.07,38.27,38.87,66.27,23.5,7.17,3.03,8.27,39.38,15.33,5.65,0.92,1.83,3.53,,https://youtube.com/clip/Ugkx05j3YY26icMuOHwlJJp28U55tS6W5DP7,Ugkx05j3YY26icMuOHwlJJp28U55tS6W5DP7,0:04,0:58,tracks/Ugkx05j3YY26icMuOHwlJJp28U55tS6W5DP7.mp3,classic
328,353,353,354,Beethoven,Mondscheinsonate,37.4,33.17,39.4,21.47,44.4,18.07,7.13,10.8,28.17,35.17,12.6,19.48,0.78,2.9,3.67,,https://youtube.com/clip/UgkxyBxVVsTTWAT-_fcdCX5fDYRneqptEysx,UgkxyBxVVsTTWAT-_fcdCX5fDYRneqptEysx,3:35,4:20,tracks/UgkxyBxVVsTTWAT-_fcdCX5fDYRneqptEysx.mp3,classic
329,354,354,355,Beethoven,"9. Symphonie, 2. Satz (Toscanini)",12.52,22.65,15.48,1.9,14.06,45.39,37.35,25.74,0.0,13.32,41.37,12.87,0.87,1.87,3.74,,https://youtube.com/clip/Ugkxrpd0GHQAveGS6sHjIw9x2T2FTuObDGBM,Ugkxrpd0GHQAveGS6sHjIw9x2T2FTuObDGBM,15:49,16:18,tracks/Ugkxrpd0GHQAveGS6sHjIw9x2T2FTuObDGBM.mp3,classic
330,355,355,356,Debussy,Clair de lune,25.55,24.06,41.45,31.94,40.45,5.9,5.81,7.26,9.68,32.69,5.85,8.47,0.87,2.61,3.58,,https://youtube.com/clip/UgkxZqA9R-IZ4NlEqnnscZRcW-NU-PSfWw-Y,UgkxZqA9R-IZ4NlEqnnscZRcW-NU-PSfWw-Y,2:03,2:32,tracks/UgkxZqA9R-IZ4NlEqnnscZRcW-NU-PSfWw-Y.mp3,classic
331,356,356,357,Beethoven,Symphony No.5 in C minor Op.67,23.71,30.39,18.23,8.16,10.52,41.48,54.61,40.61,2.29,18.2,48.05,21.45,0.9,4.03,3.74,,https://youtube.com/clip/UgkxGGyDMGyQm1FXHPAVQ4O80RZ6eQc2Y3qH,UgkxGGyDMGyQm1FXHPAVQ4O80RZ6eQc2Y3qH,2:22,3:10,tracks/UgkxGGyDMGyQm1FXHPAVQ4O80RZ6eQc2Y3qH.mp3,classic
332,357,357,358,Tschaikowski,Schwanensee,32.85,35.23,28.04,29.23,14.08,31.35,26.69,9.96,12.5,27.88,29.02,11.23,0.69,3.23,3.62,,https://youtube.com/clip/UgkxXJNF8Uu-6OHEdFC3fpjZMqWeBtvWLTG-,UgkxXJNF8Uu-6OHEdFC3fpjZMqWeBtvWLTG-,1:15,2:05,tracks/UgkxXJNF8Uu-6OHEdFC3fpjZMqWeBtvWLTG-.mp3,classic
333,358,358,359,Debussy,Prï¿½lude ï¿½ l'aprï¿½s-midi d'un faune,32.15,22.92,37.12,19.35,33.73,18.81,4.23,8.77,10.04,29.05,11.52,9.4,0.76,1.69,3.15,,https://youtube.com/clip/Ugkxw_ODJk-gald0IEzFtiGG9KHY9Ch9TmIg,Ugkxw_ODJk-gald0IEzFtiGG9KHY9Ch9TmIg,5:30,5:56,tracks/Ugkxw_ODJk-gald0IEzFtiGG9KHY9Ch9TmIg.mp3,classic
334,359,359,360,Ligeti,Etï¿½de Arc en Ciel,20.85,25.58,24.88,14.38,25.77,6.27,1.19,32.15,9.04,22.29,3.73,20.6,0.74,1.38,2.65,,https://youtube.com/clip/Ugkxc3AM6-yprAIJ3dWJN_i2jbY5uFTGlAqN,Ugkxc3AM6-yprAIJ3dWJN_i2jbY5uFTGlAqN,0:00,0:55,tracks/Ugkxc3AM6-yprAIJ3dWJN_i2jbY5uFTGlAqN.mp3,classic
335,363,363,364,Mozart,Overtï¿½re - Die Entfï¿½hrung aus dem Serail,28.57,26.82,15.32,9.07,15.86,45.64,42.25,7.54,0.71,19.13,43.95,4.12,0.88,2.0,3.04,,https://youtube.com/clip/UgkxKan9S5poJBlAi59dI9NaArtU951vd4ed,UgkxKan9S5poJBlAi59dI9NaArtU951vd4ed,3:03,3:42,tracks/UgkxKan9S5poJBlAi59dI9NaArtU951vd4ed.mp3,classic
336,364,364,365,Beethoven,Sinfonie Nr. 6,32.54,22.21,12.93,22.89,27.14,27.18,13.46,2.46,3.57,23.54,20.32,3.02,0.75,1.64,3.0,,https://youtube.com/clip/Ugkx1Ej3b9qA_WObxshPovM-pu8oSGSi9M72,Ugkx1Ej3b9qA_WObxshPovM-pu8oSGSi9M72,13:43,14:11,tracks/Ugkx1Ej3b9qA_WObxshPovM-pu8oSGSi9M72.mp3,classic
337,365,365,366,Mozart,Laudate Dominum,24.86,35.82,4.07,5.71,13.14,21.5,26.93,29.11,3.46,16.72,24.21,16.29,0.78,1.5,2.68,,https://youtube.com/clip/UgkxrGCMHNUQWcxptqe8G-fnKVDKK_MqC5wx,UgkxrGCMHNUQWcxptqe8G-fnKVDKK_MqC5wx,0:00,0:45,tracks/UgkxrGCMHNUQWcxptqe8G-fnKVDKK_MqC5wx.mp3,classic
338,366,366,367,Chopin,Etï¿½de Op. 25 No. 1,27.59,30.52,28.56,36.56,36.81,19.78,10.7,1.11,5.0,32.01,15.24,3.06,0.82,1.85,3.48,,https://youtube.com/clip/Ugkxios79TvKLDWBve4BpQ-gDXjkPQFhbbsT,Ugkxios79TvKLDWBve4BpQ-gDXjkPQFhbbsT,23:41,24:45,tracks/Ugkxios79TvKLDWBve4BpQ-gDXjkPQFhbbsT.mp3,classic
339,367,367,368,Albinoni,"Concerto a cinque No. 2, Op. 9",27.3,23.59,28.37,24.52,34.15,30.78,22.59,6.96,3.59,27.59,26.69,5.28,0.64,1.89,3.48,0Ouz5wpLFbtXjAdxLRydQq,https://youtube.com/clip/Ugkx7QaRr74MIB_wCxjYWqJA7eGohu68O2Gq,Ugkx7QaRr74MIB_wCxjYWqJA7eGohu68O2Gq,0:00,0:49,tracks/Ugkx7QaRr74MIB_wCxjYWqJA7eGohu68O2Gq.mp3,classic
340,368,368,369,Brahms,Klaviersonate Nr. 3 (Zwei Klaviere),18.33,23.04,12.07,17.15,18.85,20.67,33.81,21.67,8.89,17.89,27.24,15.28,0.27,1.96,3.22,,https://youtube.com/clip/Ugkxni9QT2IVeo4E325b60MKpScPAdd-qcj_,Ugkxni9QT2IVeo4E325b60MKpScPAdd-qcj_,3:45,4:53,tracks/Ugkxni9QT2IVeo4E325b60MKpScPAdd-qcj_.mp3,classic
341,369,369,370,Hï¿½ndel,Der Messias (Hallelujah),17.03,18.9,12.68,13.35,19.68,13.29,29.94,16.03,5.94,16.33,21.61,10.98,0.38,1.94,2.81,,https://youtube.com/clip/UgkxostVlc-tgxbcyc6kBLWtmmd0B1tqMqxk,UgkxostVlc-tgxbcyc6kBLWtmmd0B1tqMqxk,1:18,1:50,tracks/UgkxostVlc-tgxbcyc6kBLWtmmd0B1tqMqxk.mp3,classic
342,371,371,372,Brahms,"Klavierquartett Nr. 3 in C-Moll, 3. Satz",26.13,11.97,37.03,32.35,40.61,2.68,0.0,18.0,16.94,29.62,1.34,17.47,0.86,1.74,3.19,,https://youtube.com/clip/UgkxEeJK_7M-PoHxZ3RnXvL5jlUpgeYEmPTt,UgkxEeJK_7M-PoHxZ3RnXvL5jlUpgeYEmPTt,22:15,23:16,tracks/UgkxEeJK_7M-PoHxZ3RnXvL5jlUpgeYEmPTt.mp3,classic
343,374,374,375,Schumann,Fantasie in C-Dur,25.51,28.02,36.72,19.33,33.35,16.95,9.91,7.42,5.33,28.59,13.43,6.37,0.85,1.81,3.28,,https://youtube.com/clip/UgkxBPp9LjwU7gLOe1-5XELHnxiPMvjcs21p,UgkxBPp9LjwU7gLOe1-5XELHnxiPMvjcs21p,0:32,1:26,tracks/UgkxBPp9LjwU7gLOe1-5XELHnxiPMvjcs21p.mp3,classic
344,375,375,376,Schumann,Kinderszenen,15.17,11.57,7.37,8.7,33.43,33.6,12.0,14.63,0.0,15.25,22.8,7.32,0.83,1.4,2.8,,https://youtube.com/clip/Ugkx1wCT-CLUHGwzRcnGNdGJAm4MBm_L2YeX,Ugkx1wCT-CLUHGwzRcnGNdGJAm4MBm_L2YeX,6:08,6:58,tracks/Ugkx1wCT-CLUHGwzRcnGNdGJAm4MBm_L2YeX.mp3,classic
345,376,376,377,Grieg,Norwegische Tï¿½nze,30.7,31.33,2.5,3.6,7.9,45.1,46.53,31.4,1.03,15.21,45.82,16.22,0.93,1.57,3.1,,https://youtube.com/clip/Ugkxcc9YKG2q1GfRf8iIrnDt57MeAktVbXQ4,Ugkxcc9YKG2q1GfRf8iIrnDt57MeAktVbXQ4,1:24,1:55,tracks/Ugkxcc9YKG2q1GfRf8iIrnDt57MeAktVbXQ4.mp3,classic
346,379,379,380,Mozart,25. Sinfonie (I. Allegro con brio),31.68,28.84,21.48,7.08,12.68,55.92,32.84,20.6,3.2,20.35,44.38,11.9,0.88,1.84,3.64,,https://youtube.com/clip/Ugkxdi4Q847_5HcKNDrEwByurSLRuDA0fG3e,Ugkxdi4Q847_5HcKNDrEwByurSLRuDA0fG3e,0:08,0:50,tracks/Ugkxdi4Q847_5HcKNDrEwByurSLRuDA0fG3e.mp3,classic
347,380,380,381,Beethoven,"Sonate Nr. 8, 2. Satz",21.32,27.52,44.2,39.88,59.84,6.68,1.4,6.96,28.4,38.55,4.04,17.68,0.9,2.44,3.76,,https://youtube.com/clip/UgkxMr_kC15HJ_96um1vERtcnQbVWTByXf_r,UgkxMr_kC15HJ_96um1vERtcnQbVWTByXf_r,0:18,1:15,tracks/UgkxMr_kC15HJ_96um1vERtcnQbVWTByXf_r.mp3,classic
348,381,381,382,Bizet,Carmen (Habanera),30.69,11.93,20.14,15.14,17.1,31.21,28.93,7.66,4.93,19.0,30.07,6.29,0.72,3.17,3.28,,https://youtube.com/clip/UgkxH5OjhFpFt-iY89uRAYiUQnuGx9mBA4au,UgkxH5OjhFpFt-iY89uRAYiUQnuGx9mBA4au,0:57,1:37,tracks/UgkxH5OjhFpFt-iY89uRAYiUQnuGx9mBA4au.mp3,classic
349,383,383,384,Liszt,Spanish Rhapsody,27.79,22.9,41.41,32.07,45.83,17.9,2.72,6.45,1.9,34.0,10.31,4.17,0.9,1.66,3.21,,https://youtube.com/clip/UgkxmRT7QX3F7nXMsy5e574VbVXNvsvM_VxF,UgkxmRT7QX3F7nXMsy5e574VbVXNvsvM_VxF,8:15,9:06,tracks/UgkxmRT7QX3F7nXMsy5e574VbVXNvsvM_VxF.mp3,classic
350,384,384,385,Brahms,"Sonate Nr. 2 fï¿½r Klarinette, 1. Satz",19.16,24.95,44.35,37.51,51.03,16.41,5.95,7.27,1.32,35.4,11.18,4.3,0.93,1.3,3.32,,https://youtube.com/clip/Ugkxm14v7zN8tkTO9rb9PQWL08fFY_zEkLRy,Ugkxm14v7zN8tkTO9rb9PQWL08fFY_zEkLRy,0:00,0:54,tracks/Ugkxm14v7zN8tkTO9rb9PQWL08fFY_zEkLRy.mp3,classic
351,385,385,386,Mussorgsky,Bilder einer Ausstellung,32.89,27.89,7.14,0.0,0.0,41.81,50.11,46.89,0.0,13.58,45.96,23.45,0.96,1.32,3.11,,https://youtube.com/clip/Ugkx91mTFEVcvkA0MA3pwqZq6LccGPuvSzCV,Ugkx91mTFEVcvkA0MA3pwqZq6LccGPuvSzCV,23:40,24:47,tracks/Ugkx91mTFEVcvkA0MA3pwqZq6LccGPuvSzCV.mp3,classic
352,386,386,387,Debussy,Arabesque No. 1,26.35,35.51,52.95,45.62,65.32,13.24,1.81,2.11,5.24,45.15,7.53,3.68,0.96,1.41,3.57,,https://youtube.com/clip/Ugkx3dXVQbl5FjLlTEYPQ1I68-cvNf8w8_hW,Ugkx3dXVQbl5FjLlTEYPQ1I68-cvNf8w8_hW,0:00,0:45,tracks/Ugkx3dXVQbl5FjLlTEYPQ1I68-cvNf8w8_hW.mp3,classic
353,387,387,388,Skrjabin,Prï¿½ludes op. 11 no. 1,29.2,23.06,34.54,28.09,36.91,16.11,9.54,1.91,11.91,30.36,12.83,6.91,0.84,1.54,3.26,,https://youtube.com/clip/UgkxA4dsRXpLLHK8eSjZEwi_w6ZVBO-q8r36,UgkxA4dsRXpLLHK8eSjZEwi_w6ZVBO-q8r36,0:08,1:02,tracks/UgkxA4dsRXpLLHK8eSjZEwi_w6ZVBO-q8r36.mp3,classic
354,388,388,389,Tschaikowski,Slawischer Marsch,21.8,25.51,6.31,7.69,7.4,26.11,25.14,42.69,2.34,13.74,25.63,22.51,0.86,1.8,2.46,,https://youtube.com/clip/UgkxwFdtSCqCkK2IHy3CMeb2wrYzQbdPltfz,UgkxwFdtSCqCkK2IHy3CMeb2wrYzQbdPltfz,2:00,2:47,tracks/UgkxwFdtSCqCkK2IHy3CMeb2wrYzQbdPltfz.mp3,classic
355,389,389,390,Verdi,der Troubadour,21.51,22.0,4.86,10.14,21.94,34.4,26.6,10.34,0.0,16.09,30.5,5.17,0.84,1.49,2.6,,https://youtube.com/clip/UgkxKBHZ5fuExQ4dwhTRRQtwxOKePzXeczYe,UgkxKBHZ5fuExQ4dwhTRRQtwxOKePzXeczYe,2:05,2:43,tracks/UgkxKBHZ5fuExQ4dwhTRRQtwxOKePzXeczYe.mp3,classic
356,390,390,391,Lalo,Symphonie espagnole,34.46,28.17,15.62,12.0,23.5,45.38,22.46,8.25,0.0,22.75,33.92,4.12,0.86,1.92,3.29,,https://youtube.com/clip/UgkxUZYPzWKM30sUaKQw_uvovRYp978C0MYu,UgkxUZYPzWKM30sUaKQw_uvovRYp978C0MYu,0:30,1:10,tracks/UgkxUZYPzWKM30sUaKQw_uvovRYp978C0MYu.mp3,classic
357,391,391,392,Verdi,Requiem (Dies Irae),19.08,34.92,1.62,0.71,3.75,30.21,46.75,38.75,1.96,12.02,38.48,20.35,0.9,2.42,3.04,,https://youtube.com/clip/Ugkxna9k57bVYBGKF6_S-xrUOUyKFjnPclD-,Ugkxna9k57bVYBGKF6_S-xrUOUyKFjnPclD-,0:00,0:53,tracks/Ugkxna9k57bVYBGKF6_S-xrUOUyKFjnPclD-.mp3,classic
358,393,393,394,Beethoven,Sinfonie Nr. 9,29.88,20.88,28.29,22.04,44.46,15.04,2.58,6.79,1.62,29.11,8.81,4.21,0.86,1.62,3.04,,https://youtube.com/clip/UgkxvVpIoaNTe9zVvrjJp3fYNI_-qohSQHrz,UgkxvVpIoaNTe9zVvrjJp3fYNI_-qohSQHrz,35:25,35:55,tracks/UgkxvVpIoaNTe9zVvrjJp3fYNI_-qohSQHrz.mp3,classic
359,396,396,397,Tschaikowski,Marsch (Nussknacker),25.53,11.37,28.68,7.21,21.32,41.63,39.68,0.0,1.11,18.82,40.66,0.55,0.82,3.53,3.21,,https://youtube.com/clip/Ugkx4F31UGibkv7P0DjRbtyiIkZv-oHrFexd,Ugkx4F31UGibkv7P0DjRbtyiIkZv-oHrFexd,0:21,1:09,tracks/Ugkx4F31UGibkv7P0DjRbtyiIkZv-oHrFexd.mp3,classic
360,397,397,398,Vivaldi,Die 4 Jahreszeiten (Winter),27.4,23.5,12.45,6.85,8.45,30.75,28.25,23.55,3.05,15.73,29.5,13.3,0.63,2.5,3.05,,https://youtube.com/clip/Ugkx-e3GiNyUxYwCNCIaH0akhND12-LBIbdL,Ugkx-e3GiNyUxYwCNCIaH0akhND12-LBIbdL,35:39,36:15,tracks/Ugkx-e3GiNyUxYwCNCIaH0akhND12-LBIbdL.mp3,classic
361,398,398,399,Rachmaninow,Paganini Variations No. 18,34.4,15.35,39.2,29.95,60.85,28.3,6.8,3.65,3.95,35.95,17.55,3.8,0.88,1.4,3.35,,https://youtube.com/clip/Ugkx-9RvVXKd6gOUhxagD894QCLuSQ29m1fU,Ugkx-9RvVXKd6gOUhxagD894QCLuSQ29m1fU,0:05,1:05,tracks/Ugkx-9RvVXKd6gOUhxagD894QCLuSQ29m1fU.mp3,classic
362,399,399,400,Brahms,Sinfonie Nr. 4,28.12,37.21,30.53,26.09,32.26,17.94,14.21,11.56,7.29,30.84,16.07,9.43,0.74,1.35,3.62,,https://youtube.com/clip/Ugkx1vaUia7sOeAC90G3Wof5F_L2FzTf1EQU,Ugkx1vaUia7sOeAC90G3Wof5F_L2FzTf1EQU,0:01,0:44,tracks/Ugkx1vaUia7sOeAC90G3Wof5F_L2FzTf1EQU.mp3,classic
363,403,403,404,Vivaldi,L'Estro Armonico (Concerto No. 9),29.06,33.45,23.36,22.09,44.06,38.58,12.21,9.03,0.85,30.41,25.39,4.94,0.87,1.88,3.39,,https://youtube.com/clip/UgkxNHh8ncrNUahwZ7U7s7JrSXY1o46PTT90,UgkxNHh8ncrNUahwZ7U7s7JrSXY1o46PTT90,0:08,0:49,tracks/UgkxNHh8ncrNUahwZ7U7s7JrSXY1o46PTT90.mp3,classic
364,404,404,405,Rachmaninow,"3. Klavierkonzert, 3. Satz",19.59,18.94,7.84,0.0,4.06,28.5,27.66,38.75,0.94,10.09,28.08,19.84,0.9,1.22,2.84,,https://youtube.com/clip/UgkxtUia2ykcbGRBiNUvQhYOLsnIvm9IlsWW,UgkxtUia2ykcbGRBiNUvQhYOLsnIvm9IlsWW,39:01,39:42,tracks/UgkxtUia2ykcbGRBiNUvQhYOLsnIvm9IlsWW.mp3,classic
365,406,406,407,Chopin,"3. Klaviersonate, 4. Satz",30.31,46.58,24.62,8.88,17.69,40.54,23.92,26.38,7.69,25.62,32.23,17.04,0.79,1.38,3.0,,https://youtube.com/clip/UgkxuXKh_Cg-_ifVwhYq5x_Tka3iMqPQkOIb,UgkxuXKh_Cg-_ifVwhYq5x_Tka3iMqPQkOIb,20:50,21:41,tracks/UgkxuXKh_Cg-_ifVwhYq5x_Tka3iMqPQkOIb.mp3,classic
366,409,409,410,Verdi,La Traviata,29.3,16.57,34.1,30.3,41.97,17.5,11.27,6.07,2.37,30.45,14.38,4.22,0.87,1.7,3.3,,https://youtube.com/clip/Ugkxs91yK-7opbadXSjR2sxx-3nNB1Lb-3vy,Ugkxs91yK-7opbadXSjR2sxx-3nNB1Lb-3vy,1:16,1:57,tracks/Ugkxs91yK-7opbadXSjR2sxx-3nNB1Lb-3vy.mp3,classic
367,414,414,415,Skrjabin,Prï¿½ludes op. 11 no. 15,22.64,19.76,29.8,21.44,53.36,11.16,3.76,1.6,6.72,29.4,7.46,4.16,0.9,1.32,3.24,,https://youtube.com/clip/UgkxC5w33irJhDDR6Iuf4qAPBh-TMkOaNTwS,UgkxC5w33irJhDDR6Iuf4qAPBh-TMkOaNTwS,21:08,21:53,tracks/UgkxC5w33irJhDDR6Iuf4qAPBh-TMkOaNTwS.mp3,classic
368,415,415,416,Vivaldi,Die 4 Jahreszeiten (Frï¿½hling),20.55,16.35,29.4,7.25,19.9,28.65,27.7,10.5,2.15,18.69,28.18,6.32,0.59,3.4,2.8,,https://youtube.com/clip/UgkxYglz416a9J3po5WfsLRcI_YPLpPtQsdb,UgkxYglz416a9J3po5WfsLRcI_YPLpPtQsdb,1:00,1:56,tracks/UgkxYglz416a9J3po5WfsLRcI_YPLpPtQsdb.mp3,classic
369,417,417,418,Rachmaninow,Prï¿½ludes op. 32 no. 5,24.74,14.13,36.91,32.3,58.87,11.7,0.0,0.0,4.0,33.39,5.85,2.0,0.93,1.09,3.26,,https://youtube.com/clip/Ugkx61Zy9gilFKWKvUGJ-dkPTiaQXWSET-mg,Ugkx61Zy9gilFKWKvUGJ-dkPTiaQXWSET-mg,0:03,0:44,tracks/Ugkx61Zy9gilFKWKvUGJ-dkPTiaQXWSET-mg.mp3,classic
370,418,418,419,Vivaldi,Die 4 Jahreszeiten (Sommer),23.57,28.83,21.91,21.17,33.43,10.0,6.83,9.39,12.26,25.78,8.41,10.83,0.62,1.78,3.22,,https://youtube.com/clip/UgkxsUbAkn64g0KksHbehhXYmDCvmZeHczH3,UgkxsUbAkn64g0KksHbehhXYmDCvmZeHczH3,10:58,11:41,tracks/UgkxsUbAkn64g0KksHbehhXYmDCvmZeHczH3.mp3,classic
371,419,419,420,Elgar,Pomp and Circumstance (1. Marsch),21.93,21.89,3.41,3.59,5.15,40.85,37.37,18.48,0.0,11.19,39.11,9.24,0.89,1.78,3.07,,https://youtube.com/clip/UgkxtGH8qKRGozy2v3JD0n2Sc3Jx9r-mBppL,UgkxtGH8qKRGozy2v3JD0n2Sc3Jx9r-mBppL,0:04,0:44,tracks/UgkxtGH8qKRGozy2v3JD0n2Sc3Jx9r-mBppL.mp3,classic
372,420,420,421,Mozart,"Gran Partita, 3. Satz",26.37,13.41,20.3,25.7,47.78,4.78,3.19,8.26,7.56,26.71,3.98,7.91,0.88,1.41,3.0,,https://youtube.com/clip/Ugkx_0m0f5hs-LgUaJ1tJon-UoosrY5s_w99,Ugkx_0m0f5hs-LgUaJ1tJon-UoosrY5s_w99,0:20,1:20,tracks/Ugkx_0m0f5hs-LgUaJ1tJon-UoosrY5s_w99.mp3,classic
373,422,422,423,Ravel,Bolï¿½ro,9.21,17.79,13.12,12.45,17.61,19.97,25.7,8.79,0.0,14.04,22.83,4.39,0.68,2.48,2.76,,https://youtube.com/clip/UgkxIHGrjKJm-19dI7CqzycTYSj-Yi11Ex34,UgkxIHGrjKJm-19dI7CqzycTYSj-Yi11Ex34,7:06,7:31,tracks/UgkxIHGrjKJm-19dI7CqzycTYSj-Yi11Ex34.mp3,classic
374,423,423,424,Berg,"Quartett, op. 3",15.76,18.39,3.73,5.97,4.64,12.91,5.67,55.06,1.45,9.7,9.29,28.26,0.94,1.3,1.85,,https://youtube.com/clip/UgkxFJTO33h-6oPOm8nOARg7Eywds9l-2qrm,UgkxFJTO33h-6oPOm8nOARg7Eywds9l-2qrm,10:20,11:20,tracks/UgkxFJTO33h-6oPOm8nOARg7Eywds9l-2qrm.mp3,classic
375,424,424,425,Mozart,"Don Giovanni, ""La ci darem la mano""",10.16,15.03,22.84,32.9,29.42,11.77,2.03,13.87,7.74,22.07,6.9,10.81,0.75,1.35,2.55,,https://youtube.com/clip/UgkxaYlm8i53IyfuyxeXXx1QvKR-axs3MYfn,UgkxaYlm8i53IyfuyxeXXx1QvKR-axs3MYfn,2:50,3:43,tracks/UgkxaYlm8i53IyfuyxeXXx1QvKR-axs3MYfn.mp3,classic
376,425,425,426,Carl Orff,O Fortuna (Carmina Burana),26.52,33.13,16.68,6.9,9.42,45.71,68.45,12.9,0.0,18.53,57.08,6.45,0.95,3.65,3.61,,https://youtube.com/clip/UgkxXSbfxW58bYGu_rCHNm5qmvgW90Phkh-U,UgkxXSbfxW58bYGu_rCHNm5qmvgW90Phkh-U,1:17,1:57,tracks/UgkxXSbfxW58bYGu_rCHNm5qmvgW90Phkh-U.mp3,classic
377,427,427,428,Vivaldi,Die 4 Jahreszeiten (Herbst),27.37,18.3,18.0,9.37,25.41,21.04,12.59,10.19,4.85,19.69,16.81,7.52,0.61,1.85,2.7,,https://youtube.com/clip/UgkxlAo-jlLlXTI6-6GND0QTMg_HTFHG71iu,UgkxlAo-jlLlXTI6-6GND0QTMg_HTFHG71iu,22:09,22:45,tracks/UgkxlAo-jlLlXTI6-6GND0QTMg_HTFHG71iu.mp3,classic
378,428,428,429,Debussy,Des pas sur la neige,22.52,15.48,38.22,17.81,34.59,10.33,0.0,2.85,21.96,25.73,5.17,12.41,0.87,1.26,2.89,,https://youtube.com/clip/Ugkxi1kP86YJco8d1sp7__TqIok3RzmKM1RQ,Ugkxi1kP86YJco8d1sp7__TqIok3RzmKM1RQ,0:00,1:00,tracks/Ugkxi1kP86YJco8d1sp7__TqIok3RzmKM1RQ.mp3,classic
379,429,429,430,Puccini,Messa di Gloria,22.33,15.37,7.7,8.63,14.26,16.85,21.0,5.15,0.0,13.66,18.93,2.57,0.68,1.33,2.63,,https://youtube.com/clip/UgkxGxCmVKzTT8XqOWWJlHGisGcOp_IpY5Kc,UgkxGxCmVKzTT8XqOWWJlHGisGcOp_IpY5Kc,19:56,20:42,tracks/UgkxGxCmVKzTT8XqOWWJlHGisGcOp_IpY5Kc.mp3,classic
380,430,430,431,Bach,Brandenburgische Konzerte,20.69,29.69,14.83,13.76,19.03,28.59,30.48,17.0,0.66,19.6,29.53,8.83,0.65,1.66,2.76,,https://youtube.com/clip/UgkxeLffTg_jPplOibtLpXdWG3rrOmkbu7dp,UgkxeLffTg_jPplOibtLpXdWG3rrOmkbu7dp,22:00,22:46,tracks/UgkxeLffTg_jPplOibtLpXdWG3rrOmkbu7dp.mp3,classic
381,431,431,432,Chopin,Waltz Op.69 No.2,24.1,13.79,29.28,27.1,46.62,25.28,6.45,8.48,0.0,28.18,15.86,4.24,0.85,1.45,2.97,,https://youtube.com/clip/UgkxmgvSvVKZ8-sYhYcb76BaYxtKTXZp1F0Z,UgkxmgvSvVKZ8-sYhYcb76BaYxtKTXZp1F0Z,1:18,1:49,tracks/UgkxmgvSvVKZ8-sYhYcb76BaYxtKTXZp1F0Z.mp3,classic
382,432,432,433,Beethoven,Sinfonie Nr. 7,14.83,19.38,31.31,19.52,50.62,6.86,9.72,4.93,11.93,27.13,8.29,8.43,0.86,1.45,2.72,,https://youtube.com/clip/UgkxVWL1RdWZqv5Co5Obf6nvZUrtWrunrGeJ,UgkxVWL1RdWZqv5Co5Obf6nvZUrtWrunrGeJ,15:29,16:13,tracks/UgkxVWL1RdWZqv5Co5Obf6nvZUrtWrunrGeJ.mp3,classic
383,433,433,434,Lauran Hibberd,Sugardaddy,6.92,8.38,17.31,21.15,18.69,34.77,20.85,12.0,2.69,14.49,27.81,7.35,0.65,1.46,2.46,6eXsSF9ufDWqnCJC4GVIsj,,,,,tracks/6eXsSF9ufDWqnCJC4GVIsj.mp3,pop
384,434,434,435,Lasgo,Something,15.64,28.07,18.64,5.64,4.86,59.86,51.21,17.79,0.0,14.57,55.54,8.89,0.94,1.43,2.86,3e9L9HiHKcfYLAga28Vmcf,,,,,tracks/3e9L9HiHKcfYLAga28Vmcf.mp3,electronic
385,435,435,436,Mariah Carey,Want You,14.5,15.0,20.21,20.57,23.57,19.57,27.07,14.14,7.93,18.77,23.32,11.04,0.04,1.29,2.29,0bYg9bo50gSsH3LtXe2SQn,,,,,tracks/0bYg9bo50gSsH3LtXe2SQn.mp3,funk_soul
386,436,436,437,The Knife,Heartbeats,16.62,14.0,11.71,14.43,8.81,21.62,18.9,18.38,12.95,13.11,20.26,15.67,-0.05,1.43,2.29,2YacpExEbX9tF8IbFlFOo4,,,,,tracks/2YacpExEbX9tF8IbFlFOo4.mp3,electronic
387,437,437,438,Lake of Tears,So Fell Autumn Rain,9.77,10.8,15.83,2.37,3.37,11.93,28.57,13.73,12.87,8.43,20.25,13.3,0.78,1.07,2.17,2sXOtMnG1wfnNsNUQ6oDPR,,,,,tracks/2sXOtMnG1wfnNsNUQ6oDPR.mp3,rock
388,438,438,439,Dire Straits,So Far Away,30.4,24.7,45.8,27.7,29.1,22.0,16.1,6.2,24.9,31.54,19.05,15.55,0.57,1.8,2.8,3pGBIgFdfdnjtHDJR4nbrR,,,,,tracks/3pGBIgFdfdnjtHDJR4nbrR.mp3,rock
389,439,439,440,Joss Stone,Headturner,12.38,11.38,34.54,13.08,7.15,43.46,52.46,28.46,0.38,15.71,47.96,14.42,0.88,2.46,2.69,7MX14dwZzEIg84qKdlWTHv,,,,,tracks/7MX14dwZzEIg84qKdlWTHv.mp3,funk_soul
390,440,440,441,Panic! at the Disco,Death of a Bachelor,13.19,3.94,13.94,24.06,17.69,9.81,7.44,9.69,1.44,14.56,8.62,5.56,0.66,1.31,2.19,1BECwm5qkaBwlbfo4kpYx8,,,,,tracks/1BECwm5qkaBwlbfo4kpYx8.mp3,jazz
391,441,441,442,Take That,Love Ain't Here Anymore,17.5,11.5,26.6,29.6,29.4,6.7,6.9,3.3,29.9,22.92,6.8,16.6,0.6,1.3,2.2,1LtwwvNy05VlULpCTogigr,,,,,tracks/1LtwwvNy05VlULpCTogigr.mp3,pop
392,442,442,443,Tï¿½lï¿½popmusik,Genetic World,12.3,15.4,8.8,2.7,17.2,10.4,10.4,11.7,4.1,11.28,10.4,7.9,0.1,1.2,2.0,0uKrhHBDUQ4w5fv4qwOubP,,,,,tracks/0uKrhHBDUQ4w5fv4qwOubP.mp3,electronic
393,443,443,444,"Hamilton, Joe Frank & Reynolds",Don't Pull Your Love,11.8,11.6,16.47,30.87,28.8,28.07,15.27,10.07,2.4,19.91,21.67,6.23,0.77,1.4,2.6,7tJsTykoo4Jk5JguHTx9W7,,,,,tracks/7tJsTykoo4Jk5JguHTx9W7.mp3,rock
394,444,444,445,Diablo Swing Orchestra,Balrog Boogie,7.21,9.93,7.29,0.5,0.79,25.64,32.29,24.93,0.5,5.14,28.96,12.71,0.87,1.21,2.0,65RptVLH4KdgCeEAuPS8WY,,,,,tracks/65RptVLH4KdgCeEAuPS8WY.mp3,jazz
395,445,445,446,Nat King Cole,Unforgettable,28.83,20.33,62.92,48.83,61.0,16.42,6.25,7.92,20.92,44.38,11.33,14.42,0.89,2.33,3.67,648TTtYB0bH0P8Hfy0FmkL,,,,,tracks/648TTtYB0bH0P8Hfy0FmkL.mp3,jazz
396,446,446,447,Zendaya,Only When You're Close,9.94,12.72,12.28,7.28,8.11,6.33,16.61,23.22,16.89,10.07,11.47,20.06,0.46,1.11,1.61,7BhxxlLcCCfvixzy8KExZv,,,,,tracks/7BhxxlLcCCfvixzy8KExZv.mp3,electronic
397,447,447,448,Chris Rea,And you my love,8.2,4.1,19.25,31.8,24.35,12.5,7.15,7.9,16.95,17.54,9.82,12.43,0.78,1.45,2.7,7iJmWC3h8tJOCK4OzPFZ2c,,,,,tracks/7iJmWC3h8tJOCK4OzPFZ2c.mp3,rock
398,448,448,449,Imagination,Music and Lights,28.6,17.87,40.8,33.67,22.4,52.33,30.6,4.73,0.47,28.67,41.47,2.6,0.87,1.73,3.47,3kEA66ZM9mCxwhynOxgsLh,,,,,tracks/3kEA66ZM9mCxwhynOxgsLh.mp3,funk_soul
399,449,449,450,Five Star,Let Me Be The One,4.29,1.29,20.88,14.12,7.65,36.18,15.71,6.82,1.29,9.65,25.94,4.06,0.84,1.12,2.94,7Ly6unSf5gXUdF3S3nGlSH,,,,,tracks/7Ly6unSf5gXUdF3S3nGlSH.mp3,funk_soul
400,450,450,451,Joshua Kadison,Jessie,26.71,17.86,27.5,34.79,30.64,14.29,19.14,8.14,27.43,27.5,16.71,17.79,0.41,1.43,2.64,4n8iSiSWRdaSeSpJMbdk9O,,,,,tracks/4n8iSiSWRdaSeSpJMbdk9O.mp3,pop
401,451,451,452,Chaka Khan,So Naughty,13.45,15.64,11.27,20.55,6.73,26.73,33.45,13.18,8.09,13.53,30.09,10.64,0.59,1.64,2.36,1CpsuBEVGtEMR8MqoCa3gK,,,,,tracks/1CpsuBEVGtEMR8MqoCa3gK.mp3,funk_soul
402,452,452,453,Bootsy Collins,I'd Rather Be With You,6.71,8.53,25.18,9.65,5.76,18.24,23.35,8.35,8.94,11.16,20.79,8.65,0.69,1.06,2.06,42rFOQqHmXf9IkdwVqkooK,,,,,tracks/42rFOQqHmXf9IkdwVqkooK.mp3,funk_soul
403,453,453,454,Foster the People,Pumped Up Kicks,22.05,7.95,40.73,3.95,20.05,39.0,23.09,8.95,8.23,18.95,31.05,8.59,0.87,3.41,3.32,7w87IxuO7BDcJ3YUqCyMTT,,,,,tracks/7w87IxuO7BDcJ3YUqCyMTT.mp3,pop
404,454,454,455,Chris de Burgh,The Lady in Red,31.65,22.71,41.82,52.0,33.53,15.18,8.59,5.06,35.29,36.34,11.88,20.18,0.87,2.94,3.41,1GeNWyZtCHbcp3ZWp8GTOO,,,,,tracks/1GeNWyZtCHbcp3ZWp8GTOO.mp3,rock
405,455,455,456,Britney Spears,Where Are You Now,5.12,6.69,25.75,26.06,25.69,7.56,4.62,14.19,23.94,17.86,6.09,19.06,0.74,1.56,2.12,4MOBPIIRUgHTBAp0NpgLTm,,,,,tracks/4MOBPIIRUgHTBAp0NpgLTm.mp3,pop
406,456,456,457,Armin van Buuren,Not Giving Up On Love,16.33,22.75,12.42,6.33,15.25,39.42,30.83,22.42,4.67,14.62,35.12,13.54,0.74,1.33,2.58,1frLUl7UjAs0eLL2FzJgmA,,,,,tracks/1frLUl7UjAs0eLL2FzJgmA.mp3,electronic
407,457,457,458,Onuka,Vsesvit,17.56,12.22,4.22,11.0,17.0,28.22,24.67,4.33,11.33,12.4,26.44,7.83,0.38,1.22,2.67,0ROyrrMf9crvLUImY1SoG6,,,,,tracks/0ROyrrMf9crvLUImY1SoG6.mp3,electronic
408,458,458,459,Sly & The Family Stone,(You Caught Me) Smilin',6.85,5.31,22.08,14.77,16.85,25.62,22.31,8.85,9.15,13.17,23.96,9.0,0.54,1.54,2.69,5XTiyBLVLjqhAGRcJBUC5F,,,,,tracks/5XTiyBLVLjqhAGRcJBUC5F.mp3,funk_soul
409,459,459,460,Daddy Was A Milkman,Breathe In,19.56,10.22,16.11,29.61,52.56,10.17,1.83,5.22,10.5,25.61,6.0,7.86,0.92,1.28,3.0,0JD76XBC2uL6A5ZHTKIKHF,,,,,tracks/0JD76XBC2uL6A5ZHTKIKHF.mp3,electronic
410,460,460,461,Gorillaz,Tomorrow Comes Today,26.43,25.86,27.21,12.21,24.71,24.57,17.79,6.21,22.64,23.29,21.18,14.43,0.33,1.43,2.79,3qdDjz9kOvquEFbvXBYOMQ,,,,,tracks/3qdDjz9kOvquEFbvXBYOMQ.mp3,electronic
411,461,461,462,Kool & The Gang,Steppin' Out,24.13,17.2,28.33,19.4,20.53,49.27,25.6,9.07,1.73,21.92,37.43,5.4,0.86,1.27,3.0,05NdLBmUVkXlBpel2QR07Y,,,,,tracks/05NdLBmUVkXlBpel2QR07Y.mp3,funk_soul
412,462,462,463,Adriana Calcanhotto,Devolva-me,18.0,15.5,32.29,27.79,40.71,5.29,11.14,9.07,26.93,26.86,8.21,18.0,0.78,1.07,2.5,5sz2LrG6jY6u7U0g2k7kws,,,,,tracks/5sz2LrG6jY6u7U0g2k7kws.mp3,jazz
413,463,463,464,Michael Jackson,Ain't No Sunshine,20.57,15.71,29.0,18.5,12.71,20.71,28.93,10.93,15.07,19.3,24.82,13.0,0.45,2.43,2.79,6ac4lvV0LKQlbHYXJ7vTDb,,,,,tracks/6ac4lvV0LKQlbHYXJ7vTDb.mp3,funk_soul
414,464,464,465,Lily Allen,Smile,19.5,10.11,42.56,16.44,31.89,33.78,15.17,7.5,9.33,24.1,24.47,8.42,0.84,3.0,3.28,4aR9bPMAOFySBuQSbVWF3d,,,,,tracks/4aR9bPMAOFySBuQSbVWF3d.mp3,pop
415,465,465,466,Christina Aguilera,I Got Trouble,14.0,14.15,27.15,23.08,31.85,23.08,28.08,11.46,5.62,22.05,25.58,8.54,0.57,1.38,2.92,6eRY1OgTVUeqtyEviApFaw,,,,,tracks/6eRY1OgTVUeqtyEviApFaw.mp3,jazz
416,466,466,467,Hot Chip,So Glad to See You,11.1,9.5,16.5,24.4,20.1,14.4,7.1,11.5,5.9,16.32,10.75,8.7,-0.12,1.4,2.1,0PCYXSyESysJ1Eodxjyn9p,,,,,tracks/0PCYXSyESysJ1Eodxjyn9p.mp3,electronic
417,467,467,468,Loreen,My Heart Is Refusing Me,29.6,20.3,21.5,6.2,9.7,36.4,55.6,17.2,3.8,17.46,46.0,10.5,0.82,1.2,2.8,0sg9jTiFokw2U15qGK7wPK,,,,,tracks/0sg9jTiFokw2U15qGK7wPK.mp3,pop
418,468,468,469,Leftfield,Release the Pressure,18.71,10.36,12.93,15.64,24.93,31.64,21.07,9.36,9.43,16.51,26.36,9.39,0.45,1.43,3.07,6SpP5cpf4dY8AFFtXEfqmA,,,,,tracks/6SpP5cpf4dY8AFFtXEfqmA.mp3,electronic
419,469,469,470,Modestep,Sunlight,2.69,9.88,4.0,1.38,4.44,13.75,18.62,39.44,4.31,4.47,16.19,21.88,0.88,1.0,1.69,0Ix7doBgImhoWJfDnwezP1,,,,,tracks/0Ix7doBgImhoWJfDnwezP1.mp3,electronic
420,470,470,471,The Whitest Boy Alive,Keep a Secret,12.69,11.69,14.31,5.12,20.0,8.31,4.0,22.0,11.75,12.76,6.16,16.88,0.57,1.0,1.75,7pHWIlKBTQJM9oErC4OzSP,,,,,tracks/7pHWIlKBTQJM9oErC4OzSP.mp3,pop
421,471,471,472,Patti LaBelle,Over The Rainbow,34.15,30.69,24.23,20.08,15.0,21.23,45.54,8.23,6.31,24.83,33.38,7.27,0.8,1.85,2.85,3e7isfNT5Z8TSms4zPkMPV,,,,,tracks/3e7isfNT5Z8TSms4zPkMPV.mp3,jazz
422,472,472,473,M2M,Don't Say You Love Me,11.27,8.93,23.4,30.53,19.4,34.67,6.73,6.87,6.8,18.71,20.7,6.83,0.76,1.53,2.53,65i1UPsUtPlEVzewEZR6sY,,,,,tracks/65i1UPsUtPlEVzewEZR6sY.mp3,pop
423,473,473,474,Billie Holiday,Lady Sings The Blues,14.79,13.5,30.07,27.71,30.36,7.29,4.71,3.0,19.29,23.29,6.0,11.14,0.74,1.0,2.29,6rX7Rgi2O5csTzLan7rL0c,,,,,tracks/6rX7Rgi2O5csTzLan7rL0c.mp3,jazz
424,474,474,475,Sixpence None the Richer,Kiss Me,15.86,6.93,39.64,37.5,26.36,24.86,5.5,6.86,6.14,25.26,15.18,6.5,0.8,3.64,3.5,754kgU5rWscRTfvlsuEwFp,,,,,tracks/754kgU5rWscRTfvlsuEwFp.mp3,pop
425,475,475,476,Vanessa da Mata,Eu Nï¿½o Tenho,13.56,5.39,13.83,16.72,22.17,19.89,4.94,4.67,4.0,14.33,12.42,4.33,0.71,1.11,2.39,3RfOd8VhrhsV7othWm5mNF,,,,,tracks/3RfOd8VhrhsV7othWm5mNF.mp3,jazz
426,476,476,477,Ben E. King,Stand By Me,33.75,32.62,66.12,57.38,44.88,49.0,16.75,5.88,37.0,46.95,32.88,21.44,0.8,4.5,4.0,3SdTKo2uVsxFblQjpScoHy,,,,,tracks/3SdTKo2uVsxFblQjpScoHy.mp3,funk_soul
427,477,477,478,Coldplay,Animals,10.58,8.83,29.92,14.42,18.42,0.58,8.17,26.08,28.58,16.43,4.38,27.33,0.52,1.25,2.08,59tjfzA98dum1TXhJ4XWoe,,,,,tracks/59tjfzA98dum1TXhJ4XWoe.mp3,rock
428,478,478,479,Santigold,You'll Find A Way,31.67,20.92,12.67,5.25,9.92,53.0,49.58,28.5,3.75,16.08,51.29,16.12,0.85,1.17,2.92,1ZUj6t3goYbtWrCKFnwzIf,,,,,tracks/1ZUj6t3goYbtWrCKFnwzIf.mp3,electronic
429,479,479,480,The Pointer Sisters,I'm So Excited,18.18,15.71,50.59,15.24,13.24,69.24,48.35,9.94,1.35,22.59,58.79,5.65,0.96,4.06,4.06,1ot6jEe4w4hYnsOPjd3xKQ,,,,,tracks/1ot6jEe4w4hYnsOPjd3xKQ.mp3,funk_soul
430,480,480,481,Armin van Buuren,This Is What It Feels Like,18.86,17.93,20.36,16.14,8.79,29.86,22.43,7.64,11.5,16.41,26.14,9.57,0.52,1.43,2.86,5GjnIpUlLGEIYk052ISOw9,,,,,tracks/5GjnIpUlLGEIYk052ISOw9.mp3,electronic
431,481,481,482,Cissy Houston,Think It Over,20.27,21.64,21.45,11.45,11.64,47.45,40.73,18.0,7.45,17.29,44.09,12.73,0.77,1.09,3.0,09HKieZL31JLWTb2s5tm6I,,,,,tracks/09HKieZL31JLWTb2s5tm6I.mp3,funk_soul
432,482,482,483,Chris Rea,Fool (If You Think It's Over),11.45,13.85,37.1,28.65,45.95,31.95,5.5,5.25,13.95,27.4,18.73,9.6,0.88,2.35,3.1,0UHiH4dy1hXULYl8CgNxRV,,,,,tracks/0UHiH4dy1hXULYl8CgNxRV.mp3,rock
433,483,483,484,Katy B,Katy on a Mission,10.39,7.83,3.06,2.0,2.5,10.06,23.5,15.56,1.94,5.16,16.78,8.75,0.57,1.56,2.17,47uhrF6IvyE2eUyyfLAEzf,,,,,tracks/47uhrF6IvyE2eUyyfLAEzf.mp3,electronic
434,484,484,485,Emma Bunton,Take My Breath Away,10.08,2.75,22.42,43.58,19.33,15.25,2.25,0.42,7.33,19.63,8.75,3.88,0.83,1.42,2.58,0wVPsQNQ4tsjTTf2LIdOA7,,,,,tracks/0wVPsQNQ4tsjTTf2LIdOA7.mp3,pop
435,485,485,486,Electric Wizard,Vinum Sabbathi,4.54,6.08,6.0,1.73,2.88,8.65,36.38,41.92,5.42,4.25,22.52,23.67,0.96,1.0,1.92,3d1uPNDeeceYhoNNo4pnv8,,,,,tracks/3d1uPNDeeceYhoNNo4pnv8.mp3,rock
436,486,486,487,Noisestorm,Breakdown VIP,24.62,38.77,32.54,10.31,17.38,25.92,37.69,17.85,3.0,24.72,31.81,10.42,0.62,1.46,2.92,1wrKexsB7sCKsRyfu4J4QT,,,,,tracks/1wrKexsB7sCKsRyfu4J4QT.mp3,electronic
437,487,487,488,High on Fire,Rumors of War,11.69,5.31,13.46,0.15,0.15,13.69,37.08,66.92,4.85,6.15,25.38,35.88,0.91,1.38,1.77,33XdEVFV3YFrKQ0y99t6Sf,,,,,tracks/33XdEVFV3YFrKQ0y99t6Sf.mp3,rock
438,488,488,489,Caetano Veloso,Alexandre,14.07,5.57,9.43,10.5,10.5,40.29,11.07,9.29,2.36,10.01,25.68,5.82,0.8,1.0,2.64,4fpHhkV7T4WEwdkpN5tL6R,,,,,tracks/4fpHhkV7T4WEwdkpN5tL6R.mp3,jazz
439,489,489,490,Oliver Cheatham,Get Down Saturday Night,20.0,13.79,14.21,6.68,8.05,52.74,30.32,16.68,2.53,12.55,41.53,9.61,0.93,1.26,3.0,0IZVSGXU9oBi6mbsWyLas6,,,,,tracks/0IZVSGXU9oBi6mbsWyLas6.mp3,funk_soul
440,490,490,491,Bruno Mars,Just the Way You Are,20.29,10.67,45.86,40.24,22.33,45.43,16.81,5.05,9.57,27.88,31.12,7.31,0.89,4.52,3.76,7BqBn9nzAq8spo5e7cZ0dJ,,,,,tracks/7BqBn9nzAq8spo5e7cZ0dJ.mp3,pop
441,491,491,492,Kelis,Rolling Through the Hood,5.0,6.36,17.73,15.45,22.91,17.55,20.36,3.91,8.0,13.49,18.95,5.95,0.44,1.18,2.09,7bjpWKh3teUpsNgdpcq7eb,,,,,tracks/7bjpWKh3teUpsNgdpcq7eb.mp3,funk_soul
442,492,492,493,OutKast,Hey Ya!,8.38,4.75,32.12,1.12,9.0,53.88,40.0,3.62,1.12,11.07,46.94,2.38,0.86,4.0,3.62,2PpruBYCo4H7WOBJ7Q2EwM,,,,,tracks/2PpruBYCo4H7WOBJ7Q2EwM.mp3,funk_soul
443,493,493,494,Lolly,Viva La Radio,21.58,12.42,24.0,11.33,11.33,39.33,23.17,24.83,1.42,16.13,31.25,13.12,0.68,1.67,2.17,0N08KoCLrMNg9liFPucWhU,,,,,tracks/0N08KoCLrMNg9liFPucWhU.mp3,pop
444,494,494,495,Kings of Convenience,I'd Rather Dance With You,26.64,11.36,26.91,33.91,24.09,30.91,16.36,6.45,5.09,24.58,23.64,5.77,0.68,1.64,3.09,4hGOhC87bn7JBdYykOJJvJ,,,,,tracks/4hGOhC87bn7JBdYykOJJvJ.mp3,pop
445,495,495,496,B.J. Thomas,Rock And Roll Lullaby,14.5,10.56,35.25,28.38,36.5,17.94,2.0,0.62,12.44,25.04,9.97,6.53,0.87,1.5,3.06,3aVNV6pawEERvfdurW66ZT,,,,,tracks/3aVNV6pawEERvfdurW66ZT.mp3,rock
446,496,496,497,Princess Chelsea,When The World Turns Grey,21.2,23.07,26.0,19.47,24.0,6.27,10.13,14.0,27.8,22.75,8.2,20.9,0.43,1.07,2.2,3Oe4aYH6ifYIIYsX2isIR4,,,,,tracks/3Oe4aYH6ifYIIYsX2isIR4.mp3,electronic
447,497,497,498,Aqua,Barbie Girl,10.53,19.63,58.37,5.58,10.0,60.42,21.63,0.53,0.53,20.82,41.03,0.53,0.95,4.74,3.42,2RSOzvKUnfDDrb2nQPfpQU,,,,,tracks/2RSOzvKUnfDDrb2nQPfpQU.mp3,pop
448,498,498,499,Milli Vanilli,I'm Gonna Miss You,25.5,14.5,28.75,44.5,48.31,37.56,8.12,7.69,14.31,32.31,22.84,11.0,0.84,1.56,2.88,2dThEJP9S344qzNhePcSzj,,,,,tracks/2dThEJP9S344qzNhePcSzj.mp3,pop
449,499,499,500,Bobby Womack,Woman's Gotta Have It,13.36,12.64,29.91,23.09,18.09,24.73,13.91,0.0,4.45,19.42,19.32,2.23,0.62,1.09,2.73,20HCbY9qPpi1H2pP2MRUWy,,,,,tracks/20HCbY9qPpi1H2pP2MRUWy.mp3,funk_soul
450,500,500,501,Dido,Don't Leave Home,32.75,20.33,42.42,38.0,35.83,19.67,20.42,6.75,30.33,33.87,20.04,18.54,0.64,1.33,3.58,4N7e9ltiDKb19Swu2CWqMB,,,,,tracks/4N7e9ltiDKb19Swu2CWqMB.mp3,pop
451,501,501,502,En Vogue,Beat of Love,14.0,8.44,6.44,18.44,19.33,7.0,5.22,27.0,3.22,13.33,6.11,15.11,0.35,1.22,1.89,2CHSYLRP4AQgyKV17Qc9QO,,,,,tracks/2CHSYLRP4AQgyKV17Qc9QO.mp3,funk_soul
452,502,502,503,Ed Sheeran,Happier,23.29,15.14,39.29,30.71,25.21,5.0,7.0,10.29,43.57,26.73,6.0,26.93,0.75,3.29,3.14,2RttW7RAu5nOAfq6YFvApB,,,,,tracks/2RttW7RAu5nOAfq6YFvApB.mp3,rock
453,503,503,504,Gorillaz,Feel good Inc.,62.92,26.08,17.54,24.85,29.85,48.0,23.31,7.38,0.0,32.25,35.65,3.69,0.79,3.08,4.23,0d28khcov6AiegSCpG5TuT,https://youtube.com/clip/UgkxH7E3iJmQ7z_oAHV9C-z0ntbODARuTc-0,UgkxH7E3iJmQ7z_oAHV9C-z0ntbODARuTc-0,1:21,1:54,tracks/UgkxH7E3iJmQ7z_oAHV9C-z0ntbODARuTc-0.mp3,pop
454,504,504,505,Jamiroquai,Virtual Insanity,61.77,11.0,29.62,18.38,24.85,45.0,38.08,0.0,0.92,29.12,41.54,0.46,0.84,2.46,4.15,2Bxt2qamL6iu0XN0Td484J,https://youtube.com/clip/UgkxgVQ5ux4pXyn83sb16otHzXBiTCpTh2V-,UgkxgVQ5ux4pXyn83sb16otHzXBiTCpTh2V-,0:43,1:13,tracks/UgkxgVQ5ux4pXyn83sb16otHzXBiTCpTh2V-.mp3,pop
455,505,505,506,Jose Gonzales,Heartbeats,50.83,21.08,38.92,52.58,52.08,0.0,9.17,0.0,9.33,43.1,4.58,4.67,0.89,2.58,4.33,11X4Gw3T4hoktVruLgTnm1,https://youtube.com/clip/Ugkx7lMXD9hmHssWqqYZ9DMvrmwWMWV2PRwB,Ugkx7lMXD9hmHssWqqYZ9DMvrmwWMWV2PRwB,0:59,1:26,tracks/Ugkx7lMXD9hmHssWqqYZ9DMvrmwWMWV2PRwB.mp3,pop
456,506,506,507,Aerosmith,I Don't Want To Miss A Thing,39.17,19.75,53.42,47.58,42.08,44.25,31.33,7.42,12.42,40.4,37.79,9.92,0.67,3.58,4.25,225xvV8r1yKMHErSWivnow,https://youtube.com/clip/UgkxyD8sASPRaSOcUov9UHcKBrJOi3e8ktUQ,UgkxyD8sASPRaSOcUov9UHcKBrJOi3e8ktUQ,0:46,1:23,tracks/UgkxyD8sASPRaSOcUov9UHcKBrJOi3e8ktUQ.mp3,pop
457,507,507,508,Sugababes,Push The Button,45.0,14.73,24.91,12.55,12.0,57.36,42.45,17.73,6.91,21.84,49.91,12.32,0.69,3.45,3.91,3EDS89HeAhHiZKlljciK0a,https://youtube.com/clip/Ugkxu8HzYufqmVieUjWOKqkoQqrrFpFbRnh7,Ugkxu8HzYufqmVieUjWOKqkoQqrrFpFbRnh7,0:32,1:16,tracks/Ugkxu8HzYufqmVieUjWOKqkoQqrrFpFbRnh7.mp3,pop
458,508,508,509,Boy,Little Numbers,58.17,29.17,17.58,25.5,31.42,54.0,14.0,0.0,3.5,32.37,34.0,1.75,0.84,1.92,3.75,34UMrasAWi3VHMWpMePxGu,https://youtube.com/clip/Ugkxay_pPRNk-jT2297d6fkFixYmAiEd8rmG,Ugkxay_pPRNk-jT2297d6fkFixYmAiEd8rmG,0:16,0:46,tracks/Ugkxay_pPRNk-jT2297d6fkFixYmAiEd8rmG.mp3,pop
459,509,509,510,Neil Diamind,Sweet Caroline,39.0,23.83,29.33,20.33,6.83,53.92,18.42,0.0,0.0,23.87,36.17,0.0,0.74,4.0,3.92,62AuGbAkt8Ox2IrFFb8GKV,https://youtube.com/clip/UgkxjzSMRMlrs2X84JF4whcxtQHzyLmCcxVw,UgkxjzSMRMlrs2X84JF4whcxtQHzyLmCcxVw,0:45,1:19,tracks/UgkxjzSMRMlrs2X84JF4whcxtQHzyLmCcxVw.mp3,pop
460,510,510,511,Elton John,Your Song,30.23,24.06,37.66,23.46,22.06,21.57,25.94,5.66,20.74,27.49,23.76,13.2,0.56,4.29,4.09,38zsOOcu31XbbYj9BIPUF1,https://youtube.com/clip/UgkxdWGkpjrXKcJkU6bVakI-M3-q0x9VjUwl,UgkxdWGkpjrXKcJkU6bVakI-M3-q0x9VjUwl,0:23,1:10,tracks/38zsOOcu31XbbYj9BIPUF1.mp3,pop
461,511,511,512,Lady Gaga,Pokerface,23.53,14.09,30.59,0.0,11.53,67.76,43.15,3.21,0.0,15.95,55.46,1.6,0.95,4.47,3.74,1QV6tiMFM6fSOKOGLMHYYg,https://youtube.com/clip/UgkxkOxrG1xvuhSDYypwMKFCijhV_a-eYS77,UgkxkOxrG1xvuhSDYypwMKFCijhV_a-eYS77,0:41,1:18,tracks/UgkxkOxrG1xvuhSDYypwMKFCijhV_a-eYS77.mp3,pop
462,512,512,513,Madonna,Don't Tell Me,10.15,8.18,17.21,10.3,26.76,30.42,8.33,12.91,0.0,14.52,19.38,6.45,0.8,2.3,2.85,23EhTCPRTlLVM6VQUyh8bH,,,,,tracks/23EhTCPRTlLVM6VQUyh8bH.mp3,pop
463,513,513,514,Brett Dennen,She's Mine,21.79,9.15,21.12,31.58,44.48,30.36,3.91,10.3,1.06,25.62,17.14,5.68,0.9,1.33,3.18,5MnmTKjatNTY3BJ2DURVjE,https://youtube.com/clip/UgkxGwAT62Ys-ElYvHeVhfu4CnuzlwX2YIta,UgkxGwAT62Ys-ElYvHeVhfu4CnuzlwX2YIta,0:09,0:54,tracks/UgkxGwAT62Ys-ElYvHeVhfu4CnuzlwX2YIta.mp3,pop
464,514,514,515,Little Big Town,Girl Crush,23.42,10.48,25.36,38.55,26.48,14.45,9.39,6.52,18.12,24.86,11.92,12.32,0.74,1.88,3.24,11qh54D0PKkBwelpDxxiEU,https://youtube.com/clip/UgkxDHlPsZdT6FoffIsU2V6hSSCfOa5Y19OO,UgkxDHlPsZdT6FoffIsU2V6hSSCfOa5Y19OO,2:02,2:44,tracks/UgkxDHlPsZdT6FoffIsU2V6hSSCfOa5Y19OO.mp3,pop
465,515,515,516,Robin Schulz,Sugar,16.85,7.93,11.56,9.52,22.0,48.26,38.0,9.0,0.0,13.57,43.13,4.5,0.9,3.48,3.22,5tf1VVWniHgryyumXyJM7w,https://youtube.com/clip/UgkxQj7p_YA0FCZ6NeermmWRYGyr0lFUwGyS,UgkxQj7p_YA0FCZ6NeermmWRYGyr0lFUwGyS,0:38,1:07,tracks/UgkxQj7p_YA0FCZ6NeermmWRYGyr0lFUwGyS.mp3,pop
466,516,516,517,Jeremy Kay,Have It All,24.19,14.3,19.33,38.11,30.48,30.0,16.59,2.19,8.33,25.28,23.3,5.26,0.8,1.41,3.37,2lt8MKIve6BMPAJ6xfH8bL,,,,,tracks/2lt8MKIve6BMPAJ6xfH8bL.mp3,pop
467,517,517,518,Keane,Everybodys Changing,23.11,20.61,30.93,12.43,32.11,32.14,9.5,1.75,11.5,23.84,20.82,6.62,0.77,2.79,3.54,0yac0FPhLRH9i9lOng3f81,https://youtube.com/clip/UgkxfFTfgRA8-ahZmKesCxkX_XPNf-1VVkZT,UgkxfFTfgRA8-ahZmKesCxkX_XPNf-1VVkZT,0:59,1:30,tracks/UgkxfFTfgRA8-ahZmKesCxkX_XPNf-1VVkZT.mp3,pop
468,518,518,519,Enya,Only Time,24.11,34.0,38.59,29.0,45.59,17.63,16.59,2.11,19.56,34.26,17.11,10.83,0.81,4.26,3.78,6FLwmdmW77N1Pxb1aWsZmO,https://youtube.com/clip/UgkxEUYgE850H2Vn3J6Mib6bW_dZNqnfvhCD,UgkxEUYgE850H2Vn3J6Mib6bW_dZNqnfvhCD,0:55,1:25,tracks/UgkxEUYgE850H2Vn3J6Mib6bW_dZNqnfvhCD.mp3,pop
469,519,519,520,Katie Tunstall,Suddenly I See,38.29,15.75,21.82,22.5,22.39,60.11,30.89,1.71,0.0,24.15,45.5,0.86,0.91,3.46,3.86,5p9XWUdvbUzmPCukOmwoU3,https://youtube.com/clip/Ugkxiw2wzDrVBgD9-ufXze-4AHr4IZN8o3mo,Ugkxiw2wzDrVBgD9-ufXze-4AHr4IZN8o3mo,0:18,0:53,tracks/Ugkxiw2wzDrVBgD9-ufXze-4AHr4IZN8o3mo.mp3,pop
470,520,520,521,Bruno Mars,Grenade,27.96,15.68,35.46,24.21,14.29,49.21,26.82,9.79,8.25,23.52,38.02,9.02,0.81,4.61,3.5,4lLtanYk6tkMvooU0tWzG8,https://youtube.com/clip/Ugkx3jVwXevI7XbHnLHgOGEn0ZGfGnsqz2-I,Ugkx3jVwXevI7XbHnLHgOGEn0ZGfGnsqz2-I,1:35,2:41,tracks/Ugkx3jVwXevI7XbHnLHgOGEn0ZGfGnsqz2-I.mp3,pop
471,521,521,522,Macklemore,Same Love,40.46,19.07,34.93,32.5,30.25,31.57,13.32,4.96,6.25,31.44,22.45,5.61,0.83,3.0,3.54,01uqI4H13Gsd8Lyl1EYd8H,https://youtube.com/clip/UgkxuB37w_IKefXDD5QrBIjRGgLlY6hrVi-H,UgkxuB37w_IKefXDD5QrBIjRGgLlY6hrVi-H,1:46,2:17,tracks/UgkxuB37w_IKefXDD5QrBIjRGgLlY6hrVi-H.mp3,pop
472,522,522,523,Magic!,Let Your Hair Down,17.46,11.54,21.0,28.46,34.86,19.61,8.36,13.89,0.0,22.66,13.98,6.95,0.75,1.32,2.46,0uQSHrFDVtbQyxNFCwm1EC,https://youtube.com/clip/Ugkx1v_0SUqzOh6Gz67YBFgOSjeWNF7q1AGb,Ugkx1v_0SUqzOh6Gz67YBFgOSjeWNF7q1AGb,0:39,1:24,tracks/Ugkx1v_0SUqzOh6Gz67YBFgOSjeWNF7q1AGb.mp3,pop
473,523,523,524,Elton John,Don't Go Breaking My Heart,43.67,18.83,25.2,10.7,35.2,67.6,31.17,7.33,0.0,26.72,49.38,3.67,0.93,3.53,3.8,7HW5WIw7ZgZORCzUxv5gW5,https://youtube.com/clip/UgkxZiqeddPuUzbbBI1OrBqMZdSXJJ9vcqrD,UgkxZiqeddPuUzbbBI1OrBqMZdSXJJ9vcqrD,0:30,1:05,tracks/UgkxZiqeddPuUzbbBI1OrBqMZdSXJJ9vcqrD.mp3,pop
474,524,524,525,The Weeknd,Starboy,36.37,18.77,15.9,21.3,24.3,39.83,16.1,17.6,6.53,23.33,27.97,12.07,0.7,3.4,3.27,7MXVkk9YMctZqd1Srtv4MB,https://youtube.com/clip/UgkxgNYU59_0d7MEDEC03bVS5tQgr0-jTFkg,UgkxgNYU59_0d7MEDEC03bVS5tQgr0-jTFkg,1:12,1:43,tracks/UgkxgNYU59_0d7MEDEC03bVS5tQgr0-jTFkg.mp3,pop
475,525,525,526,All American Rejects,Fallin Apart,28.07,17.13,9.13,9.73,26.77,56.2,40.03,8.67,0.0,18.17,48.12,4.33,0.91,1.77,3.43,3YoLDoNNTKb7R3Gc3yRrGK,https://youtube.com/clip/UgkxDpumEt0h1YNhzNmcOcC_tpr896wgwGQa,UgkxDpumEt0h1YNhzNmcOcC_tpr896wgwGQa,0:33,1:01,tracks/UgkxDpumEt0h1YNhzNmcOcC_tpr896wgwGQa.mp3,pop
476,526,526,527,Bon Iver,Skinny Love,42.0,25.93,55.9,30.87,49.57,27.5,8.7,3.23,13.0,40.85,18.1,8.12,0.92,2.9,3.53,1HkOPLwAJH3kE8UnqgxF4s,,,,,tracks/1HkOPLwAJH3kE8UnqgxF4s.mp3,pop
477,527,527,528,Katie Perry,I Kissed A Girl,33.45,12.71,24.45,6.39,15.23,59.68,44.39,8.55,1.55,18.45,52.03,5.05,0.92,4.29,3.87,14iN3o8ptQ8cFVZTEmyQRV,https://youtube.com/clip/UgkxtorIr5hC1D3sL7KcJF9n4-lfiSpsir65,UgkxtorIr5hC1D3sL7KcJF9n4-lfiSpsir65,1:07,1:40,tracks/UgkxtorIr5hC1D3sL7KcJF9n4-lfiSpsir65.mp3,pop
478,528,528,529,Brett Dennen,Closer To You,18.62,6.44,24.69,26.22,42.78,12.25,6.78,7.12,6.38,23.75,9.52,6.75,0.86,1.59,3.19,2NqSfApThFnUxlKaj4tnXB,https://youtube.com/clip/UgkxZe58fNuASC2aCErF3xzGg5JqZFoV97YM,UgkxZe58fNuASC2aCErF3xzGg5JqZFoV97YM,0:51,1:36,tracks/UgkxZe58fNuASC2aCErF3xzGg5JqZFoV97YM.mp3,pop
479,529,529,530,AnnenMayKantereit,Wohin Du Gehst,20.06,13.41,25.56,5.38,14.72,34.38,34.09,9.47,2.19,15.82,34.23,5.83,0.82,2.38,3.25,40PO9gfu9bHdnsQqEKrcjg,https://youtube.com/clip/UgkxiaxSqFYnjQM_-8c_0iRU4V94IMleAKvA,UgkxiaxSqFYnjQM_-8c_0iRU4V94IMleAKvA,0:40,1:10,tracks/UgkxiaxSqFYnjQM_-8c_0iRU4V94IMleAKvA.mp3,pop
480,530,530,531,Tracy Chapman,Fast Car,26.23,21.52,43.42,33.26,49.87,21.16,3.65,4.71,8.03,34.86,12.4,6.37,0.9,3.52,3.65,2M9ro2krNb7nr7HSprkEgo,https://youtube.com/clip/UgkxFYKP3k8jH6kNkXl5mgSK7Ag_DrqVs8C4,UgkxFYKP3k8jH6kNkXl5mgSK7Ag_DrqVs8C4,0:16,0:45,tracks/UgkxFYKP3k8jH6kNkXl5mgSK7Ag_DrqVs8C4.mp3,pop
481,531,531,532,Leslie Clio,I Couldnt Care Less,20.27,5.38,1.62,11.04,24.27,39.38,19.81,8.69,0.0,12.52,29.6,4.35,0.84,2.54,3.08,7kX5DiuPwRlYwPAHoOHFOg,https://youtube.com/clip/UgkxGMWXLNbHAOlKnOYIo79nGA58qYbtqoDD,UgkxGMWXLNbHAOlKnOYIo79nGA58qYbtqoDD,0:43,1:08,tracks/UgkxGMWXLNbHAOlKnOYIo79nGA58qYbtqoDD.mp3,pop
482,532,532,533,Shakira,Hips Don't Lie,32.15,7.04,21.65,14.19,21.96,61.77,36.54,7.65,0.0,19.4,49.15,3.83,0.9,4.54,4.0,3ZFTkvIE7kyPt6Nu3PEa7V,https://youtube.com/clip/UgkxNluYAMzINxUeKOeoMkF2rxCLFUF9XOX1,UgkxNluYAMzINxUeKOeoMkF2rxCLFUF9XOX1,0:19,0:38,tracks/UgkxNluYAMzINxUeKOeoMkF2rxCLFUF9XOX1.mp3,pop
483,533,533,534,Atomic Kitten,Whole Again,24.56,8.7,32.11,21.19,10.96,35.11,7.37,3.44,2.3,19.5,21.24,2.87,0.8,3.19,3.52,16MJqq0vEuW6GRX6faetTm,https://youtube.com/clip/UgkxRuEzjMw9YVumTIcZtXlLtf9ZE4JULUox,UgkxRuEzjMw9YVumTIcZtXlLtf9ZE4JULUox,0:42,1:12,tracks/UgkxRuEzjMw9YVumTIcZtXlLtf9ZE4JULUox.mp3,pop
484,534,534,535,Pink,Who Knew,18.96,13.31,41.77,15.88,13.54,36.19,35.27,2.54,15.73,20.69,35.73,9.13,0.78,3.81,3.85,2hns6Dv29Yrg68AVTJiAyA,https://youtube.com/clip/Ugkxi3QXqLYIWAvZYL3SdslNZi9uQQSez7A9,Ugkxi3QXqLYIWAvZYL3SdslNZi9uQQSez7A9,1:07,1:52,tracks/Ugkxi3QXqLYIWAvZYL3SdslNZi9uQQSez7A9.mp3,pop
485,535,535,536,Britney Spears,Baby One More Time,24.21,15.45,24.31,18.62,15.41,42.59,30.0,13.86,6.38,19.6,36.29,10.12,0.7,4.31,3.59,3MjUtNVVq3C8Fn0MP3zhXa,https://youtube.com/clip/UgkxuNNi-4AibDVoT7ps_OXBcRHSfbERCYCV,UgkxuNNi-4AibDVoT7ps_OXBcRHSfbERCYCV,1:29,2:12,tracks/UgkxuNNi-4AibDVoT7ps_OXBcRHSfbERCYCV.mp3,pop
486,536,536,537,Carlos Santana,Smooth,20.46,1.32,9.93,14.68,9.0,52.64,27.25,7.75,0.0,11.08,39.95,3.88,0.91,3.5,3.54,0n2SEXB2qoRQg171q7XqeW,https://youtube.com/clip/Ugkxa9WPgW3Wr2q5p7RbL6ZNiDjGkWWpCEFk,Ugkxa9WPgW3Wr2q5p7RbL6ZNiDjGkWWpCEFk,1:14,1:44,tracks/Ugkxa9WPgW3Wr2q5p7RbL6ZNiDjGkWWpCEFk.mp3,pop
487,537,537,538,Leon Bridges,River,26.86,17.5,27.14,30.0,37.64,14.79,5.64,3.43,3.82,27.83,10.21,3.62,0.85,1.93,3.39,3hhbDnFUb2bicI2df6VurK,https://youtube.com/clip/Ugkx0SGKkOhLVssE1_jINsxQmayREBED_VFK,Ugkx0SGKkOhLVssE1_jINsxQmayREBED_VFK,2:20,2:54,tracks/Ugkx0SGKkOhLVssE1_jINsxQmayREBED_VFK.mp3,pop
488,538,538,539,The Beatles,Strawberry Fields Forever,24.41,16.03,32.0,38.76,38.24,9.79,3.62,9.83,3.41,29.89,6.71,6.62,0.87,2.86,3.24,3Am0IbOxmvlSXro7N5iSfZ,,,,,tracks/3Am0IbOxmvlSXro7N5iSfZ.mp3,pop
489,539,539,540,Panic! at the Disco,Nine In The Afternoon,26.32,17.25,22.25,20.46,17.18,44.89,23.5,7.86,3.57,20.69,34.2,5.71,0.76,2.29,3.5,1S30kHvkkdMkcuCTGSgS41,https://youtube.com/clip/UgkxpMvawDtC--K3ew0T2xhMArA3w-vcvNHc,UgkxpMvawDtC--K3ew0T2xhMArA3w-vcvNHc,0:38,1:19,tracks/UgkxpMvawDtC--K3ew0T2xhMArA3w-vcvNHc.mp3,pop
490,540,540,541,Arctic Monkeys,Fluorescent Adolescent,48.64,9.86,17.93,8.93,19.93,60.0,23.79,2.36,3.32,21.06,41.89,2.84,0.93,3.07,3.96,2x8evxqUlF0eRabbW2JBJd,https://youtube.com/clip/UgkxFpmf6nVY8mMY9E2qN1GPC8r7jZ7qaDVJ,UgkxFpmf6nVY8mMY9E2qN1GPC8r7jZ7qaDVJ,0:14,0:45,tracks/UgkxFpmf6nVY8mMY9E2qN1GPC8r7jZ7qaDVJ.mp3,pop
491,541,541,542,Puff Daddy,I'll Be Missing You,37.04,21.89,42.71,22.36,20.18,32.68,9.68,6.04,17.39,28.84,21.18,11.71,0.74,4.43,4.07,3QHONiXGMGU3z68mQInncF,,,,,tracks/3QHONiXGMGU3z68mQInncF.mp3,pop
492,542,542,543,The Head And The Heart,Rivers And Roads,27.82,12.64,45.11,31.93,33.89,12.43,2.39,1.18,26.25,30.28,7.41,13.71,0.87,1.75,3.32,4fN0dQGDaV4Hg7Gd7mBOE0,https://youtube.com/clip/UgkxgMkVL3kN_NS4-C46e9EgbwNJj1aih8MD,UgkxgMkVL3kN_NS4-C46e9EgbwNJj1aih8MD,0:22,0:54,tracks/UgkxgMkVL3kN_NS4-C46e9EgbwNJj1aih8MD.mp3,pop
493,543,543,544,Ed Sheeran,Shape Of You,40.67,18.37,33.56,22.74,21.96,47.48,16.15,12.78,5.11,27.46,31.81,8.94,0.79,4.59,3.67,7qiZfU4dY1lWllzX7mPBI3,https://youtube.com/clip/Ugkx4cMxVQKskjH_07oSOjcVG2b0SQ05qPj5,Ugkx4cMxVQKskjH_07oSOjcVG2b0SQ05qPj5,0:29,1:24,tracks/Ugkx4cMxVQKskjH_07oSOjcVG2b0SQ05qPj5.mp3,pop
494,544,544,545,Black Eyed Peas,Just Can't Get Enough,10.37,14.22,20.48,15.19,20.85,29.0,8.0,4.48,1.0,16.22,18.5,2.74,0.66,2.59,2.85,3JA9Jsuxr4xgHXEawAdCp4,https://youtube.com/clip/UgkxuQwwZ90ruj0orcBQAjAnFL3mkurIBlLs,UgkxuQwwZ90ruj0orcBQAjAnFL3mkurIBlLs,0:35,1:13,tracks/UgkxuQwwZ90ruj0orcBQAjAnFL3mkurIBlLs.mp3,pop
495,545,545,546,Childish Gambino,Redbone,12.11,12.74,24.48,25.0,22.7,30.96,6.52,16.3,3.3,19.41,18.74,9.8,0.59,2.67,3.11,0wXuerDYiBnERgIpbb3JBR,https://youtube.com/clip/UgkxxKNS5myAtrxzpDH5xcgjbr1xSkc8RKoG,UgkxxKNS5myAtrxzpDH5xcgjbr1xSkc8RKoG,0:27,0:57,tracks/0wXuerDYiBnERgIpbb3JBR.mp3,pop
496,546,546,547,Johnny Cash,Hurt,20.11,14.59,35.89,16.26,26.7,7.15,8.44,6.33,32.67,22.71,7.8,19.5,0.72,2.81,3.59,28cnXtME493VX9NOw9cIUh,,,,,tracks/28cnXtME493VX9NOw9cIUh.mp3,pop
497,547,547,548,Bruno Mars,Treasure,23.71,9.45,10.97,17.03,27.58,54.1,25.81,7.77,0.84,17.75,39.95,4.31,0.89,3.71,3.45,55h7vJchibLdUkxdlX3fK7,https://youtube.com/clip/Ugkx-rrC5IaUoZr3-24uYboRqWLTaFxxw8ho,Ugkx-rrC5IaUoZr3-24uYboRqWLTaFxxw8ho,1:06,1:36,tracks/Ugkx-rrC5IaUoZr3-24uYboRqWLTaFxxw8ho.mp3,funk_soul
498,548,548,549,Stevie Wonder,I Wish,26.0,1.81,15.06,6.81,14.1,60.74,21.94,2.58,2.48,12.75,41.34,2.53,0.94,2.29,3.39,687YZan9Gol1UVvbpUSO6Y,https://youtube.com/clip/UgkxlIhVwyJFYKbpaZtpwOKbvNoCej0Snbxd,UgkxlIhVwyJFYKbpaZtpwOKbvNoCej0Snbxd,1:21,1:51,tracks/UgkxlIhVwyJFYKbpaZtpwOKbvNoCej0Snbxd.mp3,pop
499,549,549,550,The Jackson 5,Who's Lovin You,30.68,14.84,37.32,32.1,37.35,24.84,7.97,0.0,7.19,30.46,16.4,3.6,0.86,2.19,3.55,6cZrsaNb4Zo9E5KHk7gcz5,,,,,tracks/6cZrsaNb4Zo9E5KHk7gcz5.mp3,pop
500,550,550,551,Moby,Porcelain,23.23,15.26,29.45,20.19,33.19,17.74,5.55,1.23,0.0,24.26,11.65,0.61,0.83,2.48,3.03,1hEh8Hc9lBAFWUghHBsCel,https://youtube.com/clip/UgkxCeZp2xuJSLW0-0PZjBJt_V5-LaoVDjdx,UgkxCeZp2xuJSLW0-0PZjBJt_V5-LaoVDjdx,1:19,1:49,tracks/UgkxCeZp2xuJSLW0-0PZjBJt_V5-LaoVDjdx.mp3,pop
501,551,551,552,Pharrell Williams,Happy,34.98,9.05,11.82,5.64,30.36,68.52,36.25,6.05,0.0,18.37,52.39,3.02,0.97,4.5,3.73,60nZcImufyMA1MKQY3dcCH,https://youtube.com/clip/UgkxcuToeC5GK7NSDQ0dRpj9vfTFM3T2Ejcb,UgkxcuToeC5GK7NSDQ0dRpj9vfTFM3T2Ejcb,0:17,0:47,tracks/UgkxcuToeC5GK7NSDQ0dRpj9vfTFM3T2Ejcb.mp3,pop
502,552,552,553,Spice Girls,Wannabe,23.18,1.89,21.43,5.82,25.02,71.11,38.55,9.0,0.0,15.47,54.83,4.5,0.96,4.41,3.84,1Je1IMUlBXcx1Fz0WE7oPT,https://youtube.com/clip/UgkxaJrntojT36lhBeApZNmRw5hlUG-lGDzg,UgkxaJrntojT36lhBeApZNmRw5hlUG-lGDzg,0:48,1:19,tracks/UgkxaJrntojT36lhBeApZNmRw5hlUG-lGDzg.mp3,pop
503,553,553,554,Aretha Franklin,(You Make Me Feel Like) A Natural Woman,26.63,21.07,26.35,27.26,21.84,36.0,24.93,3.58,4.81,24.63,30.47,4.2,0.81,3.4,3.81,5K09WxKdlkroDyEVyOSySy,https://youtube.com/clip/UgkxAxl_euy_NSiF65UEnOXUQ_rhHCK4doqc,UgkxAxl_euy_NSiF65UEnOXUQ_rhHCK4doqc,0:33,1:03,tracks/5K09WxKdlkroDyEVyOSySy.mp3,pop
504,554,554,555,Nina Simone,Feeling Good,20.21,25.3,29.65,28.14,28.19,48.91,39.7,3.26,0.58,26.3,44.3,1.92,0.91,4.12,4.09,6Rqn2GFlmvmV4w9Ala0I1e,https://youtube.com/clip/UgkxcOl1VgzbVitwna_Kd3xIyvtcRJp-4xK_,UgkxcOl1VgzbVitwna_Kd3xIyvtcRJp-4xK_,0:33,1:03,tracks/UgkxcOl1VgzbVitwna_Kd3xIyvtcRJp-4xK_.mp3,pop
505,555,555,556,Whitney Houston,I Wanna Dance With Somebody,39.73,11.97,40.2,16.5,24.97,74.6,47.73,1.57,3.57,26.67,61.17,2.57,0.95,4.07,4.07,2tUBqZG2AbRi7Q0BIrVrEj,https://youtube.com/clip/Ugkxkl1P_hb1huEiQYoB8yrAOtHOcRhZSatO,Ugkxkl1P_hb1huEiQYoB8yrAOtHOcRhZSatO,1:06,1:44,tracks/Ugkxkl1P_hb1huEiQYoB8yrAOtHOcRhZSatO.mp3,pop
506,556,556,557,The Collapsable Hearts Club,Easy Streets,18.0,4.4,10.1,4.03,11.1,39.87,15.77,26.73,0.0,9.53,27.82,13.37,0.87,1.6,2.33,4NmWUWHsglLlJXvq1pGNsk,,,,,tracks/4NmWUWHsglLlJXvq1pGNsk.mp3,pop
507,557,557,558,Gotye,Somebody That I Used To Know,24.0,19.27,43.03,20.07,28.57,40.93,12.33,4.13,18.03,26.99,26.63,11.08,0.81,4.13,3.53,6md4w95cnKaW64JyEQ3A0L,https://youtube.com/clip/UgkxsFY5Is4EMbq6uLHMb3uhqEaJ4CP6_bkH,UgkxsFY5Is4EMbq6uLHMb3uhqEaJ4CP6_bkH,1:15,2:10,tracks/UgkxsFY5Is4EMbq6uLHMb3uhqEaJ4CP6_bkH.mp3,pop
508,558,558,559,Justin Bieber,Love Yourself,17.07,12.7,28.73,43.07,43.6,29.77,0.33,3.53,8.43,29.03,15.05,5.98,0.91,4.07,3.63,50kpGaPAhYJ3sGmk6vplg0,https://youtube.com/clip/UgkxfJUeujTh66zSIpNMqkr_TTNR2NSL0Oiz,UgkxfJUeujTh66zSIpNMqkr_TTNR2NSL0Oiz,0:35,1:07,tracks/UgkxfJUeujTh66zSIpNMqkr_TTNR2NSL0Oiz.mp3,pop
509,559,559,560,Theo Katzman,Hard Work,39.28,8.48,8.56,7.0,23.92,50.96,25.88,11.6,0.0,17.45,38.42,5.8,0.9,1.4,3.2,3gaQbhacVKwcsatM0FlSa9,https://youtube.com/clip/UgkxyJdSony6HQWT6pYQpQ9dGRDLBtYb_ecO,UgkxyJdSony6HQWT6pYQpQ9dGRDLBtYb_ecO,0:25,1:02,tracks/UgkxyJdSony6HQWT6pYQpQ9dGRDLBtYb_ecO.mp3,pop
510,560,560,561,Katy Perry,Swish Swish,18.88,4.96,2.88,2.4,15.36,54.36,33.44,16.76,2.44,8.9,43.9,9.6,0.92,2.2,2.8,3OtMnyUaiipcAT23A8liyi,https://youtube.com/clip/UgkxBx01LLxIBM3BpHQT2zm-X7NtyLZJHfz3,UgkxBx01LLxIBM3BpHQT2zm-X7NtyLZJHfz3,2:27,3:10,tracks/UgkxBx01LLxIBM3BpHQT2zm-X7NtyLZJHfz3.mp3,pop
511,561,561,562,Bee Gees,Words,19.56,9.52,23.28,14.16,37.2,14.48,9.4,25.48,1.76,20.74,11.94,13.62,0.75,2.12,2.92,07PIhdmyYIw8dMeDMsx9FU,https://youtube.com/clip/UgkxfOUjcMda4LaZVf_FI8GL9mrBRG3qu-sM,UgkxfOUjcMda4LaZVf_FI8GL9mrBRG3qu-sM,1:44,2:19,tracks/UgkxfOUjcMda4LaZVf_FI8GL9mrBRG3qu-sM.mp3,pop
512,562,562,563,Sam Smith,Lay Me Down,30.64,28.28,39.48,43.12,40.12,4.0,0.0,0.0,34.84,36.33,2.0,17.42,0.89,3.04,3.76,74sb4Gib0cL3TQeCjYF8vh,https://youtube.com/clip/UgkxS5U7oeRan4QoSfBpMwZjO23sGjBlHj3Z,UgkxS5U7oeRan4QoSfBpMwZjO23sGjBlHj3Z,1:00,1:32,tracks/UgkxS5U7oeRan4QoSfBpMwZjO23sGjBlHj3Z.mp3,pop
513,563,563,564,David Guetta,Memories,9.55,4.79,14.45,2.97,5.59,54.9,23.14,16.17,0.0,7.47,39.02,8.09,0.92,2.9,2.79,5xYC48nOppVemY6U5GRGTb,https://youtube.com/clip/UgkxeW-A20ALNhf8q1xKQEVG8JVOkcbXqygx,UgkxeW-A20ALNhf8q1xKQEVG8JVOkcbXqygx,0:12,0:57,tracks/UgkxeW-A20ALNhf8q1xKQEVG8JVOkcbXqygx.mp3,pop
514,564,564,565,Rihanna,Umbrella,34.48,10.59,34.45,10.86,10.48,45.76,15.0,9.76,5.14,20.17,30.38,7.45,0.89,4.48,3.66,49FYlytm3dAAraYgpoJZux,https://youtube.com/clip/UgkxO7FJbeCJsFgWY8VO-TP6bTqL0CGLeQlV,UgkxO7FJbeCJsFgWY8VO-TP6bTqL0CGLeQlV,0:45,1:39,tracks/UgkxO7FJbeCJsFgWY8VO-TP6bTqL0CGLeQlV.mp3,pop
515,565,565,566,Vanessa Carlton,A Thousand Miles,45.0,7.38,43.9,22.79,23.41,54.97,9.86,7.24,4.24,28.5,32.41,5.74,0.92,3.72,3.79,4w1lzcaoZ1IC2K5TwjalRP,https://youtube.com/clip/UgkxQ2vunX6qRD62Hmm-iVMY0elLoFT-EIi6,UgkxQ2vunX6qRD62Hmm-iVMY0elLoFT-EIi6,0:40,1:26,tracks/UgkxQ2vunX6qRD62Hmm-iVMY0elLoFT-EIi6.mp3,pop
516,566,566,567,Carly Rae Jepsen,Call Me Maybe,29.86,2.0,39.27,6.92,15.08,67.57,28.84,12.92,0.0,18.63,48.2,6.46,0.96,4.73,3.32,20I6sIOMTCkB6w7ryavxtO,https://youtube.com/clip/Ugkx7nuzh5p4B3mymnX8p7pciy6U4bGO9ZXG,Ugkx7nuzh5p4B3mymnX8p7pciy6U4bGO9ZXG,0:20,1:00,tracks/Ugkx7nuzh5p4B3mymnX8p7pciy6U4bGO9ZXG.mp3,pop
517,567,567,568,Phil Collins,In The Air Tonight,27.11,19.11,53.41,21.51,32.86,25.84,17.92,9.51,12.08,30.8,21.88,10.8,0.83,4.35,3.76,2pE8dUPeueXKizEyiPtE1p,https://youtube.com/clip/Ugkxw1ixoCUDtCHj7jw6ofycwBANBlucIgq0,Ugkxw1ixoCUDtCHj7jw6ofycwBANBlucIgq0,0:37,1:27,tracks/Ugkxw1ixoCUDtCHj7jw6ofycwBANBlucIgq0.mp3,pop
518,568,568,569,Jeff Buckley,Hallelujah,44.57,37.11,53.38,43.92,47.86,8.35,3.38,0.84,28.05,45.37,5.86,14.45,0.94,4.54,4.24,3pRaLNL3b8x5uBOcsgvdqM,https://youtube.com/clip/Ugkx3Nc814TcxO-G_AXns5Xue2NuEcobit8S,Ugkx3Nc814TcxO-G_AXns5Xue2NuEcobit8S,2:04,2:53,tracks/Ugkx3Nc814TcxO-G_AXns5Xue2NuEcobit8S.mp3,pop
519,569,569,570,Oli Brown,Speechless,10.43,3.46,15.08,11.05,20.76,46.03,19.81,10.86,3.54,12.16,32.92,7.2,0.88,1.11,3.3,6brUC8EwzQljB17IQpmxgW,,,,,tracks/6brUC8EwzQljB17IQpmxgW.mp3,pop
520,570,570,571,Justin Timberlake,My Love,20.54,13.89,10.66,22.66,20.34,36.97,26.91,11.86,1.86,17.62,31.94,6.86,0.78,2.66,2.94,4NeOWqHmlrGRuBvsLJC9rL,https://youtube.com/clip/UgkxhOPsGjvMcvDrm4YVta_y5I3IDE07ggY2,UgkxhOPsGjvMcvDrm4YVta_y5I3IDE07ggY2,2:10,2:44,tracks/UgkxhOPsGjvMcvDrm4YVta_y5I3IDE07ggY2.mp3,pop
521,571,571,572,Taylor Swift,Look What You Made Me Do,15.6,12.2,4.86,11.03,6.0,39.49,38.46,15.97,0.0,9.94,38.97,7.99,0.91,3.17,3.06,1P17dC1amhFzptugyAO7Il,https://youtube.com/clip/UgkxhNIkx010o6POamLFkc2AvaoO7G626kbK,UgkxhNIkx010o6POamLFkc2AvaoO7G626kbK,0:44,1:20,tracks/UgkxhNIkx010o6POamLFkc2AvaoO7G626kbK.mp3,pop
522,572,572,573,Ellie Goulding,Burn,21.4,20.31,13.43,12.83,10.74,41.54,27.0,5.06,1.97,15.74,34.27,3.51,0.85,3.91,3.09,2GgxS8bUT5G25QJTsfSv0R,https://youtube.com/clip/UgkxmuHMNHsXBXefloeDyAVJIFh_i5O8Qdxs,UgkxmuHMNHsXBXefloeDyAVJIFh_i5O8Qdxs,0:38,1:07,tracks/UgkxmuHMNHsXBXefloeDyAVJIFh_i5O8Qdxs.mp3,pop
523,573,573,574,Oasis,All Around The World,23.83,16.34,33.6,18.49,31.63,30.54,8.14,4.4,4.83,24.78,19.34,4.61,0.82,2.4,3.26,6ZYgoD3c2aE4dD3yVFWV51,https://youtube.com/clip/UgkxreRETbkMZSaBQX_aDuMWp7DlWgYB0p7U,UgkxreRETbkMZSaBQX_aDuMWp7DlWgYB0p7U,0:36,1:21,tracks/UgkxreRETbkMZSaBQX_aDuMWp7DlWgYB0p7U.mp3,pop
524,574,574,575,Luis Fonsi,Despacito,25.12,12.04,19.79,26.58,6.58,56.83,26.54,10.17,0.0,18.02,41.69,5.08,0.87,4.38,3.62,6habFhsOp2NvshLv26DqMb,https://youtube.com/clip/Ugkx3aqdcQliJn9s6shIu043MT1wM_GcAsyy,Ugkx3aqdcQliJn9s6shIu043MT1wM_GcAsyy,1:13,1:41,tracks/Ugkx3aqdcQliJn9s6shIu043MT1wM_GcAsyy.mp3,pop
525,575,575,576,Steely Dan,Do It Again,18.08,7.0,16.5,10.08,17.29,36.71,17.25,5.38,0.0,13.79,26.98,2.69,0.78,1.92,2.92,2BstRQGodshjGpeDGQiNgo,https://youtube.com/clip/Ugkx3zDuvKgpZ8dufXa5tiAnYFUgRm-hcxQw,Ugkx3zDuvKgpZ8dufXa5tiAnYFUgRm-hcxQw,1:55,2:38,tracks/Ugkx3zDuvKgpZ8dufXa5tiAnYFUgRm-hcxQw.mp3,pop
526,576,576,577,The Beach Boys,Good Vibrations,23.67,8.08,28.25,12.83,27.71,44.5,19.54,6.92,3.04,20.11,32.02,4.98,0.79,3.42,3.79,6aU6a9tdn2vHhnPGlboFZX,https://youtube.com/clip/UgkxoWtHfVqF7dqNB3LH94zBUkV0DScEs0Gm,UgkxoWtHfVqF7dqNB3LH94zBUkV0DScEs0Gm,0:55,1:25,tracks/UgkxoWtHfVqF7dqNB3LH94zBUkV0DScEs0Gm.mp3,pop
527,577,577,578,OutKast,Roses,16.09,0.0,8.09,6.83,20.7,42.26,18.74,11.61,0.0,10.34,30.5,5.8,0.84,1.7,2.65,6bUNEbXT7HovLW6BgPCBsb,https://youtube.com/clip/Ugkxi_bJRX4Fid-vQZze8VEWJCL281moKEan,Ugkxi_bJRX4Fid-vQZze8VEWJCL281moKEan,0:16,1:09,tracks/Ugkxi_bJRX4Fid-vQZze8VEWJCL281moKEan.mp3,pop
528,578,578,579,Mac Demarco,Salad Days,13.92,7.92,14.88,16.71,36.29,8.75,4.12,14.08,8.62,17.94,6.44,11.35,0.71,1.21,2.71,5VdaMUzoQetwxQwtWAd022,https://youtube.com/clip/UgkxEzsxY4JhCdP_WCCAMgxR5_3sXfrhvJ6r,UgkxEzsxY4JhCdP_WCCAMgxR5_3sXfrhvJ6r,0:18,0:48,tracks/UgkxEzsxY4JhCdP_WCCAMgxR5_3sXfrhvJ6r.mp3,pop
529,579,579,580,Wrabel,The Village,32.13,22.43,19.48,28.57,32.43,19.43,8.65,6.04,21.83,27.01,14.04,13.93,0.59,2.04,3.43,6epvwUINain4iSHCTWA0sj,https://youtube.com/clip/UgkxpnhiQPUtgAkHJTcKBqBX4YVnznIpklej,UgkxpnhiQPUtgAkHJTcKBqBX4YVnznIpklej,1:28,2:13,tracks/UgkxpnhiQPUtgAkHJTcKBqBX4YVnznIpklej.mp3,pop
530,580,580,581,Hey Judeschka!,ImmerwiederSommertag,19.12,11.46,20.04,28.04,48.5,13.79,0.83,1.46,12.04,25.43,7.31,6.75,0.86,1.08,3.21,0Us9gRoh9xyD6aPSo1SBIR,https://youtube.com/clip/UgkxWLVqzZ11njLTSueB2OPYpS2MgTWdFEDZ,UgkxWLVqzZ11njLTSueB2OPYpS2MgTWdFEDZ,0:22,1:15,tracks/0Us9gRoh9xyD6aPSo1SBIR.mp3,pop
531,581,581,582,Zara Larsson,Lush Life,29.6,4.4,19.9,0.75,12.55,55.4,20.85,5.95,0.0,13.44,38.12,2.98,0.9,2.9,2.75,1rIKgCH4H52lrvDcz50hS8,https://youtube.com/clip/Ugkxw_lqLsqg-q51fa3xN3ZizS8en_o0TgQz,Ugkxw_lqLsqg-q51fa3xN3ZizS8en_o0TgQz,0:40,1:10,tracks/Ugkxw_lqLsqg-q51fa3xN3ZizS8en_o0TgQz.mp3,pop
532,582,582,583,Backstreet Boys,Everybody,33.14,4.33,40.43,0.0,5.24,54.71,35.38,9.0,0.0,16.63,45.05,4.5,0.92,4.1,3.29,1di1BEgJYzPvXUuinsYJGP,https://youtube.com/clip/UgkxLGSKI0SJjf-ZvA0lqIxxIBeF4wnzxeoA,UgkxLGSKI0SJjf-ZvA0lqIxxIBeF4wnzxeoA,1:33,2:10,tracks/UgkxLGSKI0SJjf-ZvA0lqIxxIBeF4wnzxeoA.mp3,pop
533,583,583,584,Chain Smokers,Paris,28.3,6.75,33.95,23.4,30.0,26.55,12.25,6.0,1.2,24.48,19.4,3.6,0.71,3.1,3.35,15vzANxN8G9wWfwAJLLMCg,https://youtube.com/clip/UgkxVjM_EF_78oGI1czS-hLHl4C7_Y9IRM80,UgkxVjM_EF_78oGI1czS-hLHl4C7_Y9IRM80,1:03,1:50,tracks/UgkxVjM_EF_78oGI1czS-hLHl4C7_Y9IRM80.mp3,pop
534,584,584,585,Imogen Heap,Hide and Seek,15.24,12.33,23.57,5.9,21.71,5.0,6.67,13.86,19.67,15.75,5.83,16.76,0.31,2.05,2.71,7mMlbJlXXo2mRtQ4R9sIzD,https://youtube.com/clip/UgkxReRV3zEnaaqLnC9E3lodVi2eVKn2keyd,UgkxReRV3zEnaaqLnC9E3lodVi2eVKn2keyd,0:52,1:36,tracks/UgkxReRV3zEnaaqLnC9E3lodVi2eVKn2keyd.mp3,pop
535,585,585,586,Kings of Leon,Sex On Fire,18.79,17.71,26.12,17.29,12.71,55.53,35.68,2.62,3.03,18.52,45.6,2.82,0.92,3.91,3.47,0ntQJM78wzOLVeCUAW7Y45,https://youtube.com/clip/UgkxeipZj-Geg6h0swKe_l1n5xckMLymaiBf,UgkxeipZj-Geg6h0swKe_l1n5xckMLymaiBf,0:45,1:15,tracks/UgkxeipZj-Geg6h0swKe_l1n5xckMLymaiBf.mp3,pop
536,586,586,587,M.I.A.,Paper Planes,14.59,7.56,14.12,0.85,6.59,45.65,22.94,18.94,0.0,8.74,34.29,9.47,0.91,3.74,2.97,4YOH3cBrhf4F6T4iYFUdz5,https://youtube.com/clip/UgkxybLbk7xO9Z4sFmjacBa0Ltbd5UZqfUhs,UgkxybLbk7xO9Z4sFmjacBa0Ltbd5UZqfUhs,0:45,1:18,tracks/UgkxybLbk7xO9Z4sFmjacBa0Ltbd5UZqfUhs.mp3,pop
537,587,587,588,Of Monsters and Men,Empire,22.85,18.74,17.26,28.65,28.79,24.06,17.62,4.53,5.24,23.26,20.84,4.88,0.69,1.32,3.15,4M9lfUgDeLHu1fL2ZxZSlu,https://youtube.com/clip/Ugkxf0nw-6_MLp5IkVeSr8bGhMovsOLM3g9p,Ugkxf0nw-6_MLp5IkVeSr8bGhMovsOLM3g9p,1:10,1:54,tracks/Ugkxf0nw-6_MLp5IkVeSr8bGhMovsOLM3g9p.mp3,pop
538,588,588,589,Backstreet Boys,I Want It That Way,16.03,4.12,51.09,8.38,23.03,58.35,11.79,2.59,2.38,20.53,35.07,2.49,0.96,4.53,3.65,47BBI51FKFwOMlIiX6m8ya,https://youtube.com/clip/Ugkx0gbLayRz3zpWm6_vvRZe5ZydozAlA7_q,Ugkx0gbLayRz3zpWm6_vvRZe5ZydozAlA7_q,1:09,1:39,tracks/Ugkx0gbLayRz3zpWm6_vvRZe5ZydozAlA7_q.mp3,pop
539,589,589,590,Namika,Lieblingsmensch,22.65,11.53,17.74,16.51,24.56,36.33,8.91,7.42,0.0,18.6,22.62,3.71,0.85,2.95,3.12,6oHDvarQSp0mf5AD1SyNH0,https://youtube.com/clip/UgkxqVu8pqoC_JLiPG0UHV9Ch31JWCxVjNSp,UgkxqVu8pqoC_JLiPG0UHV9Ch31JWCxVjNSp,1:07,1:38,tracks/UgkxqVu8pqoC_JLiPG0UHV9Ch31JWCxVjNSp.mp3,pop
540,590,590,591,Marvin Gaye,Lets Get It On,22.63,2.56,23.35,45.35,28.63,38.35,6.81,1.86,0.0,24.5,22.58,0.93,0.94,4.14,3.58,39l1UORIhuHvUWfxG53tRZ,https://youtube.com/clip/UgkxrgHhtdgm5mEhCoBwSVYmf1Tmps9exZ9S,UgkxrgHhtdgm5mEhCoBwSVYmf1Tmps9exZ9S,0:02,0:51,tracks/UgkxrgHhtdgm5mEhCoBwSVYmf1Tmps9exZ9S.mp3,pop
541,591,591,592,Owl City,Fireflies,32.93,8.53,32.81,10.21,26.67,36.4,14.05,2.98,1.49,22.23,25.22,2.23,0.9,4.28,3.63,3DamFFqW32WihKkTVlwTYQ,https://youtube.com/clip/UgkxdG32gFqfrJg0dGGYY_uteAlllbNoqQwj,UgkxdG32gFqfrJg0dGGYY_uteAlllbNoqQwj,66240:00,2:57,tracks/UgkxdG32gFqfrJg0dGGYY_uteAlllbNoqQwj.mp3,pop
542,592,592,593,Babybird,If You'll Be Mine,22.12,6.49,20.19,26.77,30.84,18.56,9.12,6.53,4.74,21.28,13.84,5.64,0.85,1.51,2.79,5EMnZ3vruQchFxvGTxr0zH,,,,,tracks/5EMnZ3vruQchFxvGTxr0zH.mp3,pop
543,593,593,594,Gnarls Barkley,Crazy,25.7,17.09,16.88,8.7,30.79,51.73,27.15,12.06,1.18,19.83,39.44,6.62,0.89,4.18,3.64,1vxw6aYJls2oq3gW0DujAo,https://youtube.com/clip/UgkxURrovlQ8eMOBWDrOOu1soG2CoeI5XVan,UgkxURrovlQ8eMOBWDrOOu1soG2CoeI5XVan,10080:00,1:43,tracks/UgkxURrovlQ8eMOBWDrOOu1soG2CoeI5XVan.mp3,pop
544,594,594,595,Lily Allen,Fuck You,24.44,1.34,19.81,2.91,26.47,56.28,34.56,12.56,0.0,14.99,45.42,6.28,0.93,3.09,3.38,6ylAVPbjRQoNY0khgh63Jf,https://youtube.com/clip/UgkxNxvXBP4fzk9Y_nNCKiyXZmnPaPkbt-Rm,UgkxNxvXBP4fzk9Y_nNCKiyXZmnPaPkbt-Rm,1:23,2:00,tracks/6ylAVPbjRQoNY0khgh63Jf.mp3,pop
545,595,595,596,Pitbull,Better On Me,11.91,9.68,13.21,19.88,28.62,42.97,18.44,14.76,2.62,16.66,30.71,8.69,0.84,1.44,2.65,0vLlEo1D4VRiGzMLxLbsh2,https://youtube.com/clip/UgkxCR_Az098RiwjH07R9_uAqtt8bx0xOmNm,UgkxCR_Az098RiwjH07R9_uAqtt8bx0xOmNm,0:22,0:54,tracks/UgkxCR_Az098RiwjH07R9_uAqtt8bx0xOmNm.mp3,pop
546,596,596,597,Beyonce,Halo,27.94,22.91,30.36,17.55,20.0,25.3,32.94,12.52,13.15,23.75,29.12,12.83,0.43,4.09,3.36,2MfOcbtgz2yTsiznFmVZUN,https://youtube.com/clip/UgkxOQ0jGF0Dy7qev4oDn0V5sTNumm48WRwH,UgkxOQ0jGF0Dy7qev4oDn0V5sTNumm48WRwH,1:34,2:04,tracks/UgkxOQ0jGF0Dy7qev4oDn0V5sTNumm48WRwH.mp3,pop
547,597,597,598,Elle King,Ex's &Oh's,31.96,19.12,21.96,8.5,13.5,66.42,59.15,9.65,0.0,19.01,62.79,4.83,0.95,3.81,3.88,70eDxAyAraNTiD6lx2ZEnH,https://youtube.com/clip/Ugkx3wz3aVo_p1Uhr4T5tZitbHQC7eywoKY0,Ugkx3wz3aVo_p1Uhr4T5tZitbHQC7eywoKY0,0:53,1:23,tracks/Ugkx3wz3aVo_p1Uhr4T5tZitbHQC7eywoKY0.mp3,pop
548,598,598,599,B.O.B.,Nothing On You,38.81,16.42,29.12,25.12,23.85,38.35,19.54,4.62,0.5,26.66,28.94,2.56,0.82,3.85,3.42,4X5xWMINgGA6l0GoyYkMcr,https://youtube.com/clip/UgkxCgXfMr1h4vSaB0uGDI1TrXKL-83WFZyR,UgkxCgXfMr1h4vSaB0uGDI1TrXKL-83WFZyR,0:00,0:31,tracks/UgkxCgXfMr1h4vSaB0uGDI1TrXKL-83WFZyR.mp3,pop
549,599,599,600,Five for fighting,Easy Tonight,13.08,22.12,35.46,24.0,26.5,27.27,13.08,9.88,5.38,24.23,20.17,7.63,0.73,1.04,2.92,57PHqrPsX6E7OX9LeKSo9Q,https://youtube.com/clip/UgkxM7QItiIp2cz1B295WAqIJIkGqlE7qAyn,UgkxM7QItiIp2cz1B295WAqIJIkGqlE7qAyn,1:12,1:57,tracks/UgkxM7QItiIp2cz1B295WAqIJIkGqlE7qAyn.mp3,pop
550,600,600,601,Avril Lavigne,Complicated,15.81,21.15,59.96,12.85,20.81,43.19,29.88,5.73,10.35,26.12,36.54,8.04,0.9,4.19,3.81,5xEM5hIgJ1jjgcEBfpkt2F,https://youtube.com/clip/UgkxuBVPqF9HZrtcJEF8rMIYYpIpE-L4pVku,UgkxuBVPqF9HZrtcJEF8rMIYYpIpE-L4pVku,0:32,1:24,tracks/UgkxuBVPqF9HZrtcJEF8rMIYYpIpE-L4pVku.mp3,pop
551,601,601,602,Miley Cyrus,Party In The U.S.A,36.5,9.54,22.75,6.21,21.25,61.18,32.36,9.86,1.57,19.25,46.77,5.71,0.91,3.36,3.25,3E7dfMvvCLUddWissuqMwr,https://youtube.com/clip/UgkxXAnhmK-cr-gWYaL5HcGGdfTE8wYQKhOv,UgkxXAnhmK-cr-gWYaL5HcGGdfTE8wYQKhOv,1:14,2:09,tracks/UgkxXAnhmK-cr-gWYaL5HcGGdfTE8wYQKhOv.mp3,pop
552,602,602,603,The Beach Boys,Wouldn't It Be Nice,44.14,15.14,42.96,14.5,26.89,59.71,18.61,4.79,0.0,28.73,39.16,2.39,0.92,3.39,3.75,6VojZJpMyuKClbwyilWlQj,https://youtube.com/clip/UgkxMIFrldamm2elSRJqGxtQq0EoLtw-RNtM,UgkxMIFrldamm2elSRJqGxtQq0EoLtw-RNtM,0:24,0:51,tracks/6VojZJpMyuKClbwyilWlQj.mp3,pop
553,603,603,604,Kodaline,High Hopes,29.0,14.62,45.38,30.92,31.85,8.65,3.46,3.85,28.42,30.35,6.06,16.13,0.85,1.62,3.31,6KkyuDhrEhR5nJVKtv9mCf,https://youtube.com/clip/UgkxxE0UPyXSqBdOkLWuvGyyXu5YDHRdkCQw,UgkxxE0UPyXSqBdOkLWuvGyyXu5YDHRdkCQw,0:39,1:28,tracks/UgkxxE0UPyXSqBdOkLWuvGyyXu5YDHRdkCQw.mp3,pop
554,604,604,605,Dido,White Flag,10.38,20.31,40.04,30.42,41.5,18.81,3.77,8.69,8.27,28.53,11.29,8.48,0.85,3.31,3.5,6si71supnBUhddjR2FJc2L,https://youtube.com/clip/UgkxnYU_OFSe4XiAc_DMg7cgtb4VSIZP6bC4,UgkxnYU_OFSe4XiAc_DMg7cgtb4VSIZP6bC4,1:17,2:02,tracks/UgkxnYU_OFSe4XiAc_DMg7cgtb4VSIZP6bC4.mp3,pop
555,605,605,606,Bon Jovi,Livin On A Prayer,27.07,15.2,24.33,6.93,9.0,51.43,47.3,8.9,0.0,16.51,49.37,4.45,0.92,4.0,3.67,37ZJ0p5Jm13JPevGcx4SkF,https://youtube.com/clip/Ugkx1Hg6Vaur-0wpdBAYuTD9Axnx8hIk9Txb,Ugkx1Hg6Vaur-0wpdBAYuTD9Axnx8hIk9Txb,2:00,2:36,tracks/Ugkx1Hg6Vaur-0wpdBAYuTD9Axnx8hIk9Txb.mp3,pop
556,606,606,607,Amy Macdonald,Mr Rock & Roll,18.8,3.73,26.83,18.47,18.47,41.5,9.0,5.2,4.27,17.26,25.25,4.73,0.88,2.63,3.17,6aX2LyT7zpTLe3iZfDeHki,https://youtube.com/clip/Ugkxc-nb6hieiIpaGqLhKJjFkteZrVSD_QiV,Ugkxc-nb6hieiIpaGqLhKJjFkteZrVSD_QiV,1:46,2:19,tracks/Ugkxc-nb6hieiIpaGqLhKJjFkteZrVSD_QiV.mp3,pop
557,607,607,608,Alicia Keys,If I Ain't Got You,25.4,20.33,36.03,54.23,41.03,17.47,13.87,10.57,8.87,35.41,15.67,9.72,0.88,3.27,3.83,3XVBdLihbNbxUwZosxcGuJ,https://youtube.com/clip/UgkxrPlnq-ux8G190EZ5mqQatzID-YW3YEvl,UgkxrPlnq-ux8G190EZ5mqQatzID-YW3YEvl,0:41,1:13,tracks/UgkxrPlnq-ux8G190EZ5mqQatzID-YW3YEvl.mp3,pop
558,608,608,609,Daniel Powter,Bad Day,25.67,8.3,42.43,35.97,31.03,39.0,12.97,0.8,6.83,28.68,25.98,3.82,0.89,4.37,3.67,0mUyMawtxj1CJ76kn9gIZK,https://youtube.com/clip/UgkxMYoWzQiOOQF8zBwxt7jFT2OSI6ZITlE8,UgkxMYoWzQiOOQF8zBwxt7jFT2OSI6ZITlE8,0:43,1:25,tracks/UgkxMYoWzQiOOQF8zBwxt7jFT2OSI6ZITlE8.mp3,pop
559,609,609,610,Tal Bachman,Shes So High,33.36,6.58,28.06,13.25,12.25,49.19,14.14,1.44,3.31,18.7,31.67,2.38,0.92,3.5,3.69,7mnGQesk1TzQLzQ9bYWZPR,https://youtube.com/clip/Ugkxwy59jnh0aLgiwec-cn7Ze5u52Ywm7hrZ,Ugkxwy59jnh0aLgiwec-cn7Ze5u52Ywm7hrZ,0:29,1:08,tracks/Ugkxwy59jnh0aLgiwec-cn7Ze5u52Ywm7hrZ.mp3,pop
560,610,610,611,Rihanna,Work,13.76,2.05,6.78,8.65,11.95,33.62,16.38,12.62,0.0,8.64,25.0,6.31,0.83,3.76,3.0,72TFWvU3wUYdUuxejTTIzt,https://youtube.com/clip/Ugkx-Gw9o8IZlUypDB7WXEGl557bAxwpnJDF,Ugkx-Gw9o8IZlUypDB7WXEGl557bAxwpnJDF,4:53,5:21,tracks/Ugkx-Gw9o8IZlUypDB7WXEGl557bAxwpnJDF.mp3,pop
561,611,611,612,David Gray,Please Forgive me,17.65,12.08,15.81,6.86,20.92,18.97,6.59,9.57,0.0,14.66,12.78,4.78,0.68,1.78,2.95,2H0oiflYrs8PPjOxZ5TdIu,https://youtube.com/clip/Ugkx5ik9HReAChsNTE22YWQIw-mB6CM4BcGX,Ugkx5ik9HReAChsNTE22YWQIw-mB6CM4BcGX,1:34,2:12,tracks/Ugkx5ik9HReAChsNTE22YWQIw-mB6CM4BcGX.mp3,pop
562,612,612,613,Paramore,The Only Exception,14.89,9.27,29.3,17.14,25.97,16.68,5.41,4.62,13.19,19.31,11.04,8.91,0.72,2.7,3.32,3ZHfX6kbiY7JVsB63lLOLu,https://youtube.com/clip/UgkxnciX8ktBt6h1hcv0NlSR362q0NW7a92F,UgkxnciX8ktBt6h1hcv0NlSR362q0NW7a92F,2:00,2:36,tracks/UgkxnciX8ktBt6h1hcv0NlSR362q0NW7a92F.mp3,pop
563,613,613,614,Imogen Heap,Goodnight And Go,14.88,7.04,8.4,17.4,17.24,22.08,5.28,14.4,0.0,12.99,13.68,7.2,0.54,1.28,2.6,0vfWzo75MKGYiQSiT5jEzt,https://youtube.com/clip/Ugkx0_zmov0mmcvdoztrLoB4ya2XNEHl0YxG,Ugkx0_zmov0mmcvdoztrLoB4ya2XNEHl0YxG,1:30,2:03,tracks/Ugkx0_zmov0mmcvdoztrLoB4ya2XNEHl0YxG.mp3,pop
564,614,614,615,Arctic Monkeys,Do I Wanna Know,27.44,25.72,27.24,8.08,18.72,26.04,23.2,5.8,2.0,21.44,24.62,3.9,0.71,2.96,3.52,5FVd6KXrgO9B3JPmC8OPst,https://youtube.com/clip/Ugkx3C93_K7mw93V4DJ7PUu7FluA0Qo_7WQf,Ugkx3C93_K7mw93V4DJ7PUu7FluA0Qo_7WQf,1:21,1:51,tracks/Ugkx3C93_K7mw93V4DJ7PUu7FluA0Qo_7WQf.mp3,pop
565,615,615,616,Neil Diamond,I Am....I Said,16.0,2.88,15.88,11.0,14.64,14.4,10.68,2.56,4.56,12.08,12.54,3.56,0.4,1.72,2.52,67nKQBktGIafE3DBW3Cbe4,https://youtube.com/clip/Ugkx0lQDjM2adlxSETV95beTn_cIlHl0YSd_,Ugkx0lQDjM2adlxSETV95beTn_cIlHl0YSd_,0:00,2:04,tracks/Ugkx0lQDjM2adlxSETV95beTn_cIlHl0YSd_.mp3,pop
566,616,616,617,Angus and Julia Stone,Big Jet Plane,16.48,10.24,24.8,22.04,31.16,13.72,3.24,3.12,8.72,20.94,8.48,5.92,0.74,1.88,2.92,3HedB2EwVAj5MAx8xFE1ea,https://youtube.com/clip/Ugkxv_U_qXBVuH3ODIY2urwJsO0Rm6HEYYJB,Ugkxv_U_qXBVuH3ODIY2urwJsO0Rm6HEYYJB,1:27,2:11,tracks/Ugkxv_U_qXBVuH3ODIY2urwJsO0Rm6HEYYJB.mp3,pop
567,617,617,618,George Ezra,Budapest,36.81,17.76,23.86,15.05,38.43,45.52,9.29,10.1,5.81,26.38,27.4,7.95,0.81,3.62,3.52,2ixsaeFioXJmMgkkbd4uj1,https://youtube.com/clip/Ugkxfu-9yJ7j2Z4EQTwH4ks0kQ_q9djUdd57,Ugkxfu-9yJ7j2Z4EQTwH4ks0kQ_q9djUdd57,-,0:59,tracks/Ugkxfu-9yJ7j2Z4EQTwH4ks0kQ_q9djUdd57.mp3,pop
568,618,618,619,Marvin Gaye,Sexual Healing,25.4,10.1,13.9,35.65,25.05,38.15,19.7,12.65,2.6,22.02,28.92,7.62,0.71,3.1,3.2,3VZmChrnVW8JK6ano4gSED,https://youtube.com/clip/Ugkx80MBio8Ru7rwkMHlrJ0potrMvWLEoW0z,Ugkx80MBio8Ru7rwkMHlrJ0potrMvWLEoW0z,0:28,0:58,tracks/Ugkx80MBio8Ru7rwkMHlrJ0potrMvWLEoW0z.mp3,pop
569,619,619,620,The Kooks,Naive,27.2,20.35,39.3,18.25,30.3,42.45,19.25,3.55,0.0,27.08,30.85,1.77,0.81,3.0,3.55,7BHPGtpuuWWsvE7cCaMuEU,https://youtube.com/clip/UgkxIfqh2W_vjI850bs5t59AQ3eY3r_9m6ib,UgkxIfqh2W_vjI850bs5t59AQ3eY3r_9m6ib,0:15,0:45,tracks/UgkxIfqh2W_vjI850bs5t59AQ3eY3r_9m6ib.mp3,pop
570,620,620,621,Frank Ocean,Thinkin Bout You,16.71,5.95,21.52,17.1,24.95,19.43,0.0,18.95,7.33,17.25,9.71,13.14,0.53,2.19,2.67,5mphdlILgAq3vh1MSvAJTS,,,,,tracks/5mphdlILgAq3vh1MSvAJTS.mp3,pop
571,621,621,622,Genesis,I Can't Dance,4.39,7.3,10.26,2.65,10.09,32.61,22.48,10.35,0.0,6.94,27.54,5.17,0.8,2.61,2.65,6AvvAzzOEUs9orFhDkOPOl,https://youtube.com/clip/Ugkxs6xZ8_CXN9nQPg6c1oWdhjnaa0l2DOw_,Ugkxs6xZ8_CXN9nQPg6c1oWdhjnaa0l2DOw_,1:35,2:14,tracks/Ugkxs6xZ8_CXN9nQPg6c1oWdhjnaa0l2DOw_.mp3,pop
572,622,622,623,Black Eyed Peas,I Gotta Feeling,37.52,9.96,31.26,3.39,9.09,69.78,45.74,14.3,0.0,18.24,57.76,7.15,0.93,4.57,3.7,4kLLWz7srcuLKA7Et40PQR,https://youtube.com/clip/UgkxHufLO18mbaTP7D7J51qS37IciumNGtZo,UgkxHufLO18mbaTP7D7J51qS37IciumNGtZo,3:45,4:32,tracks/UgkxHufLO18mbaTP7D7J51qS37IciumNGtZo.mp3,pop
573,623,623,624,Shakira,Underneath your clothes,14.04,7.09,27.48,26.65,33.7,19.22,2.43,2.04,5.22,21.79,10.83,3.63,0.8,2.48,2.78,15f8Cv8RXUlOOCIf2oaceN,https://youtube.com/clip/UgkxoXLglRH8n4Kx6C91YXsPk-v5_tk69Ba7,UgkxoXLglRH8n4Kx6C91YXsPk-v5_tk69Ba7,1:31,2:09,tracks/UgkxoXLglRH8n4Kx6C91YXsPk-v5_tk69Ba7.mp3,pop
574,624,624,625,James Morrison,I Won't Let You Go,12.17,7.39,23.39,29.26,27.48,15.91,3.22,4.61,8.09,19.94,9.57,6.35,0.73,2.7,3.0,2TUzU4IkfH8kcvY2MUlsd2,https://youtube.com/clip/UgkxXmZvBwLkvJDUaEv5UH6CjoJ8Tr0VkKlZ,UgkxXmZvBwLkvJDUaEv5UH6CjoJ8Tr0VkKlZ,0:26,1:00,tracks/UgkxXmZvBwLkvJDUaEv5UH6CjoJ8Tr0VkKlZ.mp3,pop
575,625,625,626,Lianne La Havas,What You Don't Do,21.63,9.07,3.3,16.67,14.59,34.7,16.56,9.48,0.0,13.05,25.63,4.74,0.78,1.22,2.93,4mityPmJpqtHea3y9qZLg6,https://youtube.com/clip/UgkxddAnp6m4kzA6iMpgHBC-9slf5WbZaUXQ,UgkxddAnp6m4kzA6iMpgHBC-9slf5WbZaUXQ,0:40,1:15,tracks/4mityPmJpqtHea3y9qZLg6.mp3,pop
576,626,626,627,Maggie reilly,Everytime We Touch,14.07,3.3,23.85,24.0,23.59,20.11,10.33,11.78,3.33,17.76,15.22,7.56,0.65,3.52,3.11,2n9Ni9TFPcNHCdoPOQKXZ6,,,,,tracks/2n9Ni9TFPcNHCdoPOQKXZ6.mp3,pop
577,627,627,628,Akon,Lonely,23.11,3.67,36.19,17.78,20.0,27.15,3.33,2.96,22.15,20.15,15.24,12.56,0.82,3.81,3.7,4v7DCN09hgXkKazefkznDQ,https://youtube.com/clip/Ugkx5Nbr6OxWbldg37V8L7Gmto0Ncrnq_rbv,Ugkx5Nbr6OxWbldg37V8L7Gmto0Ncrnq_rbv,1:17,1:49,tracks/Ugkx5Nbr6OxWbldg37V8L7Gmto0Ncrnq_rbv.mp3,pop
578,628,628,629,Tame Impala,The Less I Know The Better,25.44,8.97,31.94,19.78,41.56,29.72,9.53,5.47,2.62,25.54,19.62,4.05,0.89,2.28,2.97,6K4t31amVTZDgR3sKmwUJJ,https://youtube.com/clip/UgkxCJJtlS2-YFNqRIhOvg1e_JqCaau9avkP,UgkxCJJtlS2-YFNqRIhOvg1e_JqCaau9avkP,2:11,2:42,tracks/UgkxCJJtlS2-YFNqRIhOvg1e_JqCaau9avkP.mp3,pop
579,629,629,630,Bag Raiders,Shooting Stars,32.32,10.06,24.19,11.48,28.29,52.77,16.19,12.32,0.32,21.27,34.48,6.32,0.91,2.94,3.32,0UeYCHOETPfai02uskjJ3x,https://youtube.com/clip/UgkxAR8m_aazONenJf1M02Bo3_Zb65m0lLtH,UgkxAR8m_aazONenJf1M02Bo3_Zb65m0lLtH,0:24,0:54,tracks/UgkxAR8m_aazONenJf1M02Bo3_Zb65m0lLtH.mp3,pop
580,630,630,631,Gary Jules,Mad World,24.82,15.06,58.39,15.06,26.61,3.7,1.64,6.45,41.3,27.99,2.67,23.88,0.94,4.58,3.76,3JOVTQ5h8HGFnDdp4VT3MP,https://youtube.com/clip/UgkxtyssG62_onzp6HEPprFdOI9dOulolVnR,UgkxtyssG62_onzp6HEPprFdOI9dOulolVnR,0:05,0:49,tracks/3JOVTQ5h8HGFnDdp4VT3MP.mp3,pop
581,631,631,632,Mark Ronson,Uptown Funk,32.9,9.97,11.42,2.81,28.48,72.29,50.97,9.87,0.0,17.12,61.63,4.94,0.95,4.29,3.45,32OlwWuMpZ6b0aN2RZOeMS,https://youtube.com/clip/UgkxAtoariM8O0ql3atpeX96wd-ObqBs0aW_,UgkxAtoariM8O0ql3atpeX96wd-ObqBs0aW_,1:32,2:02,tracks/UgkxAtoariM8O0ql3atpeX96wd-ObqBs0aW_.mp3,funk_soul
582,632,632,633,The Beatles,Let It Be,32.23,25.1,56.39,36.48,51.0,22.52,10.84,1.65,9.13,40.24,16.68,5.39,0.92,3.94,3.68,7iN1s7xHE4ifF5povM6A48,https://youtube.com/clip/UgkxeQzl6iTLYXcapbCRDdFnu72hh36c4zrh,UgkxeQzl6iTLYXcapbCRDdFnu72hh36c4zrh,1:06,1:52,tracks/7iN1s7xHE4ifF5povM6A48.mp3,pop
583,633,633,634,Eric Clapton,Tears In Heaven,35.52,29.35,59.1,37.65,41.94,6.61,4.9,2.1,27.1,40.71,5.76,14.6,0.92,3.1,3.55,7utRJ4BeYx85khzP3lKoBX,https://youtube.com/clip/UgkxxEFa8-Gy3pVOySexdjb0g18Q75s0Le1z,UgkxxEFa8-Gy3pVOySexdjb0g18Q75s0Le1z,0:24,1:03,tracks/UgkxxEFa8-Gy3pVOySexdjb0g18Q75s0Le1z.mp3,pop
584,634,634,635,Lola Marsh,Wishing Girl,16.33,17.3,9.78,14.22,25.63,21.26,6.89,9.22,0.52,16.65,14.07,4.87,0.69,1.81,2.81,2iawlVRHk4Q9aPg0OgG20D,https://youtube.com/clip/UgkxryzdwbzDKWLWBfxb50LhzI49iot0WfJg,UgkxryzdwbzDKWLWBfxb50LhzI49iot0WfJg,2:02,2:36,tracks/UgkxryzdwbzDKWLWBfxb50LhzI49iot0WfJg.mp3,pop
585,635,635,636,Bilderbuch,Maschin,13.0,4.52,7.96,4.07,16.3,29.26,17.85,18.04,0.0,9.17,23.56,9.02,0.82,1.89,2.3,2Lg1njXKvhgv72U9QkrwXi,https://youtube.com/clip/UgkxbEuXpB48AVtJ2zkcUd5JdK5PfnA7tM7g,UgkxbEuXpB48AVtJ2zkcUd5JdK5PfnA7tM7g,0:26,0:58,tracks/UgkxbEuXpB48AVtJ2zkcUd5JdK5PfnA7tM7g.mp3,pop
586,636,636,637,Fletwood Mac,Dreams,20.56,16.63,34.96,28.07,35.89,23.96,5.41,2.85,2.04,27.22,14.69,2.44,0.87,2.93,3.52,0ofHAoxe9vBkTCp2UQIavz,https://youtube.com/clip/UgkxQMbhr2z_eKAUDgf3qBfU2f1FvLS8GTTw,UgkxQMbhr2z_eKAUDgf3qBfU2f1FvLS8GTTw,0:30,1:00,tracks/UgkxQMbhr2z_eKAUDgf3qBfU2f1FvLS8GTTw.mp3,pop
587,637,637,638,Oasis,Don't Look Back In Anger,17.0,12.89,48.59,22.96,23.0,29.63,6.96,10.04,13.96,24.89,18.3,12.0,0.84,3.89,3.44,7ppPZa3TRUSGKaks9wH7VT,https://youtube.com/clip/UgkxGLHNNhV7rad3bX2cNrSRHsnwCODOvyfH,UgkxGLHNNhV7rad3bX2cNrSRHsnwCODOvyfH,0:23,0:55,tracks/UgkxGLHNNhV7rad3bX2cNrSRHsnwCODOvyfH.mp3,pop
588,638,638,639,Der Junge mit der Gitarre,Hallo Worum Gehts Ich Bin Dagegen,18.17,14.07,0.0,0.0,6.86,42.9,23.76,14.86,2.0,7.82,33.33,8.43,0.89,1.28,2.31,2v9P6UeIJkWBz2NnvGvZIr,,,,,tracks/2v9P6UeIJkWBz2NnvGvZIr.mp3,pop
589,639,639,640,Chris Brown,Forever,28.76,3.07,16.21,16.79,9.14,39.66,18.76,15.03,0.0,14.79,29.21,7.52,0.8,2.48,2.86,3NZJlJemX3mzjf56MqC5ML,https://youtube.com/clip/UgkxNpWUdgUpfH9Roy0ITwjbRuhWVxQDotFM,UgkxNpWUdgUpfH9Roy0ITwjbRuhWVxQDotFM,0:44,1:14,tracks/UgkxNpWUdgUpfH9Roy0ITwjbRuhWVxQDotFM.mp3,pop
590,640,640,641,Ryan Adams,Lucky Now,23.24,16.07,20.97,27.55,45.17,25.69,7.1,15.1,5.03,26.6,16.4,10.07,0.78,1.28,2.72,4roEQeLnZ0d96fDnRdXXW6,https://youtube.com/clip/UgkxEIuT5mlCEfm4iPSjO__t1lazNBSBjep7,UgkxEIuT5mlCEfm4iPSjO__t1lazNBSBjep7,1:27,2:16,tracks/4roEQeLnZ0d96fDnRdXXW6.mp3,pop
591,641,641,642,Amy Winehouse,Back To Black,28.72,19.03,46.38,28.79,27.31,27.14,17.24,2.76,7.41,30.05,22.19,5.09,0.79,3.97,3.83,3FAclTFfvUuQYnEsptbK8w,https://youtube.com/clip/UgkxIuGIDESDyUqSy4h9o9z3eBocW-G2GWAz,UgkxIuGIDESDyUqSy4h9o9z3eBocW-G2GWAz,1:51,2:30,tracks/UgkxIuGIDESDyUqSy4h9o9z3eBocW-G2GWAz.mp3,pop
592,642,642,643,VersaEmerge,Mind Reader,11.44,13.94,16.62,8.38,2.69,19.75,40.31,25.0,10.94,10.61,30.03,17.97,0.84,1.12,2.94,2b9ge09fnhEVVmkS8BjqRu,,,,,tracks/2b9ge09fnhEVVmkS8BjqRu.mp3,rock
593,643,643,644,East 17,it's alright - the guvnor mix,4.82,10.12,4.88,1.35,1.41,36.53,14.06,17.35,0.41,4.52,25.29,8.88,0.88,1.12,1.71,0hiUOCWNdPefjaEAjcJ8Cq,,,,,tracks/0hiUOCWNdPefjaEAjcJ8Cq.mp3,pop
594,644,644,645,Madonna,Intervention,17.47,27.32,18.21,16.58,13.74,36.84,31.16,14.79,8.05,18.66,34.0,11.42,0.81,1.26,2.53,7BxLHR4ApH0n4rx10KAWOo,,,,,tracks/7BxLHR4ApH0n4rx10KAWOo.mp3,pop
595,645,645,646,Nina Simone,I Want a Little Sugar in My Bowl,29.19,15.94,35.69,35.38,48.31,17.31,14.81,1.81,28.75,32.9,16.06,15.28,0.85,1.44,3.12,3NcJu9876GBJuNU6vJOrbb,,,,,tracks/3NcJu9876GBJuNU6vJOrbb.mp3,jazz
596,646,646,647,Draconian,"Death, Come Near Me",10.0,26.25,12.56,18.12,11.5,1.25,14.25,28.19,37.31,15.69,7.75,32.75,0.73,1.0,1.88,0xaf0rzKil2j5Yd2Fiz9SL,,,,,tracks/0xaf0rzKil2j5Yd2Fiz9SL.mp3,rock
597,647,647,648,Tony Bennett,Rags to Riches,28.08,10.85,31.23,26.69,24.54,26.46,12.0,9.77,12.85,24.28,19.23,11.31,0.56,1.08,2.77,4BH8EuPAxeFAh1rSWtnGdD,,,,,tracks/4BH8EuPAxeFAh1rSWtnGdD.mp3,jazz
598,648,648,649,Noah and the Whale,Tonight's The Kind Of Night,22.63,17.84,23.89,21.21,15.84,34.58,24.74,11.79,7.95,20.28,29.66,9.87,0.62,1.26,2.53,1UFnmge9gtAcrWICSptE9e,,,,,tracks/1UFnmge9gtAcrWICSptE9e.mp3,pop
599,649,649,650,Kelly Clarkson,Breakaway,24.38,23.88,45.42,28.5,37.83,18.46,22.0,7.21,16.58,32.0,20.23,11.9,0.83,2.83,3.46,3xrn9i8zhNZsTtcoWgQEAd,,,,,tracks/3xrn9i8zhNZsTtcoWgQEAd.mp3,pop
600,650,650,651,Infected Mushroom,Here We Go Go Go,17.0,29.5,8.0,1.86,5.86,43.71,50.71,22.36,0.5,12.44,47.21,11.43,0.87,1.14,3.36,5wTudWQXd6Sjy6nH22fsYv,,,,,tracks/5wTudWQXd6Sjy6nH22fsYv.mp3,electronic
601,651,651,652,The Moody Blues,Melancholy Man,21.8,25.0,21.0,13.4,20.33,23.73,41.33,18.93,8.07,20.31,32.53,13.5,0.61,1.27,2.93,1NeQzAqahRYI09bgLbhVFN,,,,,tracks/1NeQzAqahRYI09bgLbhVFN.mp3,rock
602,652,652,653,Britney Spears,"I'm Not a Girl, Not Yet a Woman",48.0,31.15,45.15,45.31,30.69,41.54,38.38,7.77,19.31,40.06,39.96,13.54,0.75,2.15,3.38,1xg1yGPy1Y3YUf44s6TB1o,,,,,tracks/1xg1yGPy1Y3YUf44s6TB1o.mp3,pop
603,653,653,654,Maria Bethï¿½nia,Olhos Nos Olhos,28.88,12.75,20.62,46.19,47.12,14.62,8.5,5.75,23.12,31.11,11.56,14.44,0.87,1.0,2.75,1UBJvypv5W1GNoplpc2EYl,,,,,tracks/1UBJvypv5W1GNoplpc2EYl.mp3,jazz
604,654,654,655,Daft Punk,Give Life Back to Music,12.27,7.33,15.73,0.67,16.47,49.07,24.67,7.53,0.87,10.49,36.87,4.2,0.87,1.53,3.13,0dEIca2nhcxDUV8C5QkPYb,,,,,tracks/0dEIca2nhcxDUV8C5QkPYb.mp3,funk_soul
605,655,655,656,Boys Like Girls,Leaving California,25.5,17.75,23.33,43.25,41.5,11.75,14.92,2.92,38.08,30.27,13.33,20.5,0.74,1.5,3.42,0Vm3wrODAsNdUvCcy15aZT,,,,,tracks/0Vm3wrODAsNdUvCcy15aZT.mp3,rock
606,656,656,657,Phil Collins,Two Hearts,14.62,6.54,32.23,30.08,15.31,46.77,19.0,1.69,1.38,19.75,32.88,1.54,0.81,1.92,3.23,0vDSWxRlWN0LWsSQdGIPuE,,,,,tracks/0vDSWxRlWN0LWsSQdGIPuE.mp3,rock
607,657,657,658,Mayday Parade,Your Song,12.64,17.36,27.27,10.36,9.82,25.36,39.18,33.64,28.82,15.49,32.27,31.23,0.56,1.36,2.73,7va0FN5Fim1dNPi06sqxVx,,,,,tracks/7va0FN5Fim1dNPi06sqxVx.mp3,rock
608,658,658,659,Fall Out Boy,Get Busy Living or Get Busy Dying (Do Your Part to Save the Scene and Stop Going to Shows),15.17,22.5,1.33,8.0,1.17,37.5,36.17,18.0,1.17,9.63,36.83,9.58,0.44,1.17,2.17,4903HFfvLIQ8ujvQ0ARNGI,,,,,tracks/4903HFfvLIQ8ujvQ0ARNGI.mp3,rock
609,659,659,660,Krewella,Marching On,22.5,13.59,15.27,21.14,16.14,27.68,27.55,12.82,15.32,17.73,27.61,14.07,0.48,1.41,2.73,5LVj9daVd1q6fjICKyvl7Y,,,,,tracks/5LVj9daVd1q6fjICKyvl7Y.mp3,electronic
610,660,660,661,Alice Dj,Better Off Alone,28.9,26.4,42.8,17.1,16.8,61.0,50.25,11.55,5.25,26.4,55.62,8.4,0.91,3.65,3.65,0pMUR7Uvp6vxlbG0qBFvgM,,,,,tracks/0pMUR7Uvp6vxlbG0qBFvgM.mp3,electronic
611,661,661,662,Metronomy,I'm Aquarius,11.05,10.62,8.29,10.24,17.9,17.29,5.67,13.81,2.48,11.62,11.48,8.14,0.54,1.1,1.95,3xEJ59GyjCjcJ69RQc2ej6,,,,,tracks/3xEJ59GyjCjcJ69RQc2ej6.mp3,pop
612,662,662,663,Tim Maia,Pecado Capital,19.36,8.0,20.18,9.82,9.82,33.91,21.09,7.0,2.73,13.44,27.5,4.86,0.74,1.0,2.55,55g9c7lad0VCcg1PEdJaHl,,,,,tracks/55g9c7lad0VCcg1PEdJaHl.mp3,funk_soul
613,663,663,664,ATB,Desperate Religion,23.92,23.77,21.62,20.0,34.15,20.77,24.69,20.38,11.62,24.69,22.73,16.0,-0.42,1.38,2.31,5BZ0weLeQoPuVLROuXb0sV,,,,,tracks/5BZ0weLeQoPuVLROuXb0sV.mp3,electronic
614,664,664,665,Beverley Knight,Hurricane Jane,24.78,21.22,45.78,35.89,40.0,24.22,24.67,0.67,2.67,33.53,24.44,1.67,0.62,1.44,3.33,4zcSLDrG6E0GkysBuh2fD3,,,,,tracks/4zcSLDrG6E0GkysBuh2fD3.mp3,funk_soul
615,665,665,666,Alex Clare,Too Close,28.17,25.92,39.83,20.92,22.92,49.08,44.25,12.0,14.58,27.55,46.67,13.29,0.76,1.92,3.75,4sK96UnGx3NjBaqvfTG2dm,,,,,tracks/4sK96UnGx3NjBaqvfTG2dm.mp3,electronic
616,666,666,667,Yoav,Club Thing,5.44,15.94,12.5,19.69,21.75,18.88,21.44,19.19,5.5,15.06,20.16,12.34,0.35,1.06,2.5,7LDqph6mv9A5uzlzuXfhyL,,,,,tracks/7LDqph6mv9A5uzlzuXfhyL.mp3,electronic
617,667,667,668,Sly & The Family Stone,Everyday People,20.0,11.89,47.78,31.67,34.33,49.22,32.78,14.56,7.89,29.13,41.0,11.22,0.79,2.33,3.22,7lL2lMWNtzOcf5HnEudNgn,,,,,tracks/7lL2lMWNtzOcf5HnEudNgn.mp3,funk_soul
618,668,668,669,Toquinho,Garota de Ipanema,13.54,6.92,28.31,14.54,27.69,34.0,9.92,9.38,0.54,18.2,21.96,4.96,0.77,1.08,2.69,0KtpvAIKMUD4wSsHv25IMn,,,,,tracks/0KtpvAIKMUD4wSsHv25IMn.mp3,jazz
619,669,669,670,Tony Toni Tonï¿½,Feels Good,13.0,8.0,33.85,12.62,13.15,39.85,27.85,12.62,0.54,16.12,33.85,6.58,0.83,2.15,2.69,4cRR2gUTOerkUOW5iZpm91,,,,,tracks/4cRR2gUTOerkUOW5iZpm91.mp3,funk_soul
620,670,670,671,London Grammar,Hey Now (Arty Remix),35.31,32.06,26.88,24.75,39.12,23.25,21.69,11.06,25.88,31.62,22.47,18.47,0.5,1.81,3.06,1CUYpY3GpRNkKnn3cEQ2nK,,,,,tracks/1CUYpY3GpRNkKnn3cEQ2nK.mp3,electronic
621,671,671,672,Sara Gazarek,Yours,4.57,0.0,24.29,54.14,59.86,23.0,2.14,0.0,5.71,28.57,12.57,2.86,0.91,1.14,2.86,3STjN5FAkJiljtZzrSeE0I,,,,,tracks/3STjN5FAkJiljtZzrSeE0I.mp3,jazz
622,672,672,673,Karrin Allyson,Moanin',22.57,17.0,28.64,17.0,40.64,42.86,11.86,8.0,5.0,25.17,27.36,6.5,0.87,1.07,3.21,2FcKhzTwtj5wKdri7bXBMK,,,,,tracks/2FcKhzTwtj5wKdri7bXBMK.mp3,jazz
623,673,673,674,Astrud Gilberto,And Roses And Roses,26.31,21.94,38.94,38.38,50.06,17.56,4.75,11.19,25.12,35.12,11.16,18.16,0.83,1.19,2.31,0BEn0rwSyzuvhKgZ7GLbyO,,,,,tracks/0BEn0rwSyzuvhKgZ7GLbyO.mp3,jazz
624,674,674,675,Paul Davis,Cool Night,25.75,21.83,39.08,37.33,36.58,17.25,20.92,1.58,9.25,32.12,19.08,5.42,0.78,1.75,3.0,29KyVqHekckVGfxHn8QS7m,,,,,tracks/29KyVqHekckVGfxHn8QS7m.mp3,rock
625,675,675,676,Steely Dan,Blues Beach,18.29,15.0,20.86,24.86,14.21,39.57,19.21,6.86,3.0,18.64,29.39,4.93,0.82,1.21,3.29,1RHIgJN4USj9Buggihf2Pn,,,,,tracks/1RHIgJN4USj9Buggihf2Pn.mp3,rock
626,676,676,677,Billie Holiday,The Man I Love,19.25,21.58,33.5,31.67,49.58,6.33,4.5,14.75,16.83,31.12,5.42,15.79,0.8,1.0,1.92,0ndEbK6LnERIPBG6t4gXDX,,,,,tracks/0ndEbK6LnERIPBG6t4gXDX.mp3,jazz
627,677,677,678,James Blake,Timeless,6.36,7.64,2.71,2.14,5.21,7.71,23.5,49.43,2.21,4.81,15.61,25.82,0.9,1.07,1.43,49jxn2Mdde8QZUx0AlbD0l,,,,,tracks/49jxn2Mdde8QZUx0AlbD0l.mp3,electronic
628,678,678,679,Eliane Elias,Time Alone,15.08,13.0,22.85,37.92,51.62,7.31,4.0,3.69,17.69,28.09,5.65,10.69,0.87,1.08,2.92,1hYd1uyB9HQpf4icjtBQoB,,,,,tracks/1hYd1uyB9HQpf4icjtBQoB.mp3,jazz
629,679,679,680,Lykke Li,"I'm Good, I'm Gone",8.71,5.57,15.57,5.07,15.71,36.36,19.86,5.79,5.43,10.13,28.11,5.61,0.76,1.0,2.64,2GjycBB2VHP4NSIzUrJkrE,,,,,tracks/2GjycBB2VHP4NSIzUrJkrE.mp3,pop
630,681,681,682,Santigold,Disparate Youth,24.29,21.29,28.5,16.71,20.57,35.5,34.07,18.57,6.29,22.27,34.79,12.43,0.69,1.93,3.0,0t2QiRkpag0fAgs9zuCPlH,,,,,tracks/0t2QiRkpag0fAgs9zuCPlH.mp3,electronic
631,682,682,683,Maysa,Dindi,32.23,24.54,28.54,44.69,45.31,16.54,13.54,2.08,28.08,35.06,15.04,15.08,0.72,1.08,2.92,6cc51rDYn6G9lahsZk3Fsh,,,,,tracks/6cc51rDYn6G9lahsZk3Fsh.mp3,jazz
632,683,683,684,Girls Aloud,I'll Stand by You,38.31,33.81,57.12,52.44,39.06,27.44,39.44,11.88,28.94,44.15,33.44,20.41,0.75,3.62,3.75,5AEAf1PGC0B6Z1iVE1j8oY,,,,,tracks/5AEAf1PGC0B6Z1iVE1j8oY.mp3,pop
633,684,684,685,Marina and the Diamonds,Gold,25.12,10.12,15.44,27.62,21.62,31.75,11.44,3.44,6.75,19.99,21.59,5.09,0.76,1.25,3.19,31cL2Hdc40Rck0wH1sDEja,,,,,tracks/31cL2Hdc40Rck0wH1sDEja.mp3,pop
634,685,685,686,2NE1,In the Club,23.82,11.09,8.82,19.73,8.45,17.09,28.09,13.91,11.82,14.38,22.59,12.86,0.34,1.09,2.64,6ZkNt6fWIMoqznNe5RRwRT,,,,,tracks/6ZkNt6fWIMoqznNe5RRwRT.mp3,pop
635,686,686,687,The Starting Line,The Best of Me,5.81,12.56,23.06,6.12,3.0,34.12,34.88,14.38,8.31,10.11,34.5,11.34,0.87,1.06,2.56,1Up4RdOBpChNDytatxKDXP,,,,,tracks/1Up4RdOBpChNDytatxKDXP.mp3,rock
636,687,687,688,Suede,The Power,21.11,15.56,25.78,7.94,18.67,12.44,9.0,9.44,12.72,17.81,10.72,11.08,0.49,1.28,2.5,4fwpiQo9zk7AMd3jK4cxmU,,,,,tracks/4fwpiQo9zk7AMd3jK4cxmU.mp3,pop
637,688,688,689,Bruno Mars,Treasure,23.17,11.83,28.39,20.94,10.61,67.33,42.5,12.44,0.17,18.99,54.92,6.31,0.93,3.72,3.5,55h7vJchibLdUkxdlX3fK7,,,,,tracks/55h7vJchibLdUkxdlX3fK7.mp3,funk_soul
638,689,689,690,Teena Marie,365,21.8,15.67,23.47,32.33,23.47,45.93,29.0,9.87,2.13,23.35,37.47,6.0,0.8,1.33,3.07,7w7OoMSngihtJTSbG8HLWV,,,,,tracks/7w7OoMSngihtJTSbG8HLWV.mp3,funk_soul
639,690,690,691,"Earth, Wind & Fire",Let's Groove,38.75,25.56,50.44,37.75,28.88,70.56,41.88,8.56,4.31,36.27,56.22,6.44,0.92,3.88,4.25,3koCCeSaVUyrRo3N2gHrd8,,,,,tracks/3koCCeSaVUyrRo3N2gHrd8.mp3,funk_soul
640,691,691,692,Diana Krall,Walk On By,30.69,13.19,27.0,21.31,45.5,36.12,22.38,8.88,3.62,27.54,29.25,6.25,0.85,1.38,3.44,4jZRI1v2LLaDTshDW9qruu,,,,,tracks/4jZRI1v2LLaDTshDW9qruu.mp3,jazz
641,692,692,693,Gnarls Barkley,Just a Thought,19.54,15.38,21.23,12.0,13.38,14.92,19.54,32.08,32.0,16.31,17.23,32.04,0.2,1.15,2.23,5xNUIReo5O6W1LRp2OKJty,,,,,tracks/5xNUIReo5O6W1LRp2OKJty.mp3,funk_soul
642,693,693,694,Cï¿½u,Mais um Lamento,16.82,14.94,16.0,13.59,25.71,17.65,7.18,12.82,7.47,17.41,12.41,10.15,0.32,1.24,2.65,7Ms8NNySNGSNtjYtdBqrMD,,,,,tracks/7Ms8NNySNGSNtjYtdBqrMD.mp3,jazz
643,694,694,695,James Blake,Overgrown,10.57,13.14,17.29,16.29,32.36,6.57,6.71,15.36,23.93,17.93,6.64,19.64,0.57,1.14,1.86,2IqjKEBiz0CdLKdkXhxw84,,,,,tracks/2IqjKEBiz0CdLKdkXhxw84.mp3,electronic
644,696,696,697,Lasgo,Blue,22.08,31.69,25.46,13.31,17.31,38.15,41.62,25.31,8.38,21.97,39.88,16.85,0.6,1.31,2.77,1U9FOQOkDsnwlz3SXBCPcg,,,,,tracks/1U9FOQOkDsnwlz3SXBCPcg.mp3,electronic
645,697,697,698,Laura Pausini,Jenny,21.16,18.32,19.11,30.95,25.84,13.21,9.95,3.21,20.05,23.07,11.58,11.63,0.7,1.0,2.74,51ulZ6HIucARLOODM8smpU,,,,,tracks/51ulZ6HIucARLOODM8smpU.mp3,pop
646,698,698,699,Nina Simone,Sinnerman,21.64,18.07,8.0,11.5,15.93,35.57,22.43,26.07,2.0,15.03,29.0,14.04,0.59,1.14,2.57,5xRP5iyVdGglqlY4Vcjhkx,,,,,tracks/5xRP5iyVdGglqlY4Vcjhkx.mp3,jazz
647,699,699,700,ABBA,Lay All Your Love on Me,17.3,32.9,45.5,31.7,10.2,57.9,53.0,22.4,16.6,27.52,55.45,19.5,0.81,3.6,3.4,2245x0g1ft0HC7sf79zbYN,,,,,tracks/2245x0g1ft0HC7sf79zbYN.mp3,pop
648,700,700,701,Katatonia,Last Resort,5.75,10.92,29.67,2.42,7.75,17.0,22.33,39.17,24.83,11.3,19.67,32.0,0.6,1.17,2.33,2gtu8xsu1VGahuRJ2YZAHA,,,,,tracks/2gtu8xsu1VGahuRJ2YZAHA.mp3,rock
649,701,701,702,Christopher Cross,Ride Like the Wind,10.09,7.91,22.36,4.36,16.45,27.82,14.36,7.45,1.55,12.24,21.09,4.5,0.67,2.27,2.82,7gUMShP1l20tC0xf17Zplk,,,,,tracks/7gUMShP1l20tC0xf17Zplk.mp3,rock
650,702,702,703,Beyoncï¿½,Blow Remix,9.33,12.56,19.11,28.5,21.33,44.83,32.83,10.89,2.61,18.17,38.83,6.75,0.88,1.72,2.83,0GjDYSp1bNyjggwPadwlyf,,,,,tracks/0GjDYSp1bNyjggwPadwlyf.mp3,funk_soul
651,703,703,704,Camila,Mientes,23.89,7.32,16.26,41.84,29.53,16.47,7.16,4.0,8.89,23.77,11.82,6.45,0.9,1.0,2.37,5EhzE6HJaCcLFrf5rPqvpk,,,,,tracks/5EhzE6HJaCcLFrf5rPqvpk.mp3,pop
652,704,704,705,Billie Holiday,Strange Fruit,23.0,16.89,43.83,40.0,44.28,6.89,8.22,12.17,40.22,33.6,7.56,26.19,0.87,1.39,3.06,1CTex49P0iWwzUGsMNjgaV,,,,,tracks/1CTex49P0iWwzUGsMNjgaV.mp3,jazz
653,705,705,706,Alesso,Sweet Escape,24.83,32.5,16.5,11.33,12.17,51.25,46.83,19.0,2.75,19.47,49.04,10.88,0.83,1.58,3.08,6vPJvkEuWZPcv58NnQ3dBR,,,,,tracks/6vPJvkEuWZPcv58NnQ3dBR.mp3,electronic
654,706,706,707,Louis Prima,Buona Sera,18.93,7.27,28.73,20.87,17.0,42.8,22.87,10.33,0.87,18.56,32.83,5.6,0.77,1.2,2.53,0DXm5n7SBxCED9ssTvrx2J,,,,,tracks/0DXm5n7SBxCED9ssTvrx2J.mp3,jazz
655,707,707,708,Santigold,The Keepers,13.95,16.0,19.42,6.79,9.47,26.11,25.37,9.16,10.37,13.13,25.74,9.76,0.75,1.11,2.63,1BaVwEV5FogbZuCzpSc7Jl,,,,,tracks/1BaVwEV5FogbZuCzpSc7Jl.mp3,electronic
656,708,708,709,Ella Fitzgerald,All of Me,13.8,7.67,33.53,15.0,9.6,49.07,16.0,6.0,0.33,15.92,32.53,3.17,0.9,1.2,3.0,0qZo9OzKPzg58Ts9ad4Bcy,,,,,tracks/0qZo9OzKPzg58Ts9ad4Bcy.mp3,jazz
657,709,709,710,Knife Party,Centipede,7.92,8.08,8.92,0.38,0.23,25.08,25.69,46.46,1.54,5.11,25.38,24.0,0.84,1.31,1.77,0u2AIKDVafHwCFQ9LDnqxH,,,,,tracks/0u2AIKDVafHwCFQ9LDnqxH.mp3,electronic
658,710,710,711,Kelly Clarkson,Love So Soft,9.45,5.64,10.09,21.64,2.27,54.09,42.45,20.36,2.45,9.82,48.27,11.41,0.89,1.64,2.55,16QN8cBubEq706vNtPpOME,,,,,tracks/16QN8cBubEq706vNtPpOME.mp3,funk_soul
659,711,711,712,Madonna,He's a Man,3.69,7.25,10.19,12.94,15.44,10.0,17.81,10.56,8.12,9.9,13.91,9.34,0.07,1.25,1.88,4714JHYV5kiMKsuo8eP41E,,,,,tracks/4714JHYV5kiMKsuo8eP41E.mp3,jazz
660,712,712,713,Fugees,Killing Me Softly with His Song,18.64,27.71,35.43,40.86,41.21,17.93,20.0,3.93,13.14,32.77,18.96,8.54,0.73,2.71,3.57,0Q0IVlqMV64kNLlwjPj0Hl,,,,,tracks/0Q0IVlqMV64kNLlwjPj0Hl.mp3,funk_soul
661,713,713,714,Cheryl Lynn,Got To Be Real,16.56,12.33,29.22,9.22,7.94,32.28,22.89,20.56,1.22,15.06,27.58,10.89,0.73,1.78,2.61,58r4JuwHhXLAkttkaUZfLw,,,,,tracks/58r4JuwHhXLAkttkaUZfLw.mp3,funk_soul
662,714,714,715,Louis Armstrong,Mood Indigo,27.33,19.42,42.58,29.25,42.5,17.83,5.5,5.0,16.58,32.22,11.67,10.79,0.78,1.33,3.25,1Fo98RNzO78WnMtkZKZXMW,,,,,tracks/1Fo98RNzO78WnMtkZKZXMW.mp3,jazz
663,715,715,716,Ledisi,Alright,13.18,16.0,11.36,3.73,26.91,37.91,15.27,25.36,2.0,14.24,26.59,13.68,0.54,1.0,2.36,1wRQqmZwiF4thdQ8N7FiNv,,,,,tracks/1wRQqmZwiF4thdQ8N7FiNv.mp3,funk_soul
664,716,716,717,Kandi,Don't Think I'm Not,5.0,2.5,21.9,23.0,10.3,28.3,17.3,5.7,9.3,12.54,22.8,7.5,0.71,2.0,2.4,487Dyzs7Xbbk4hIWYyYT80,,,,,tracks/487Dyzs7Xbbk4hIWYyYT80.mp3,funk_soul
665,717,717,718,Feed Me,One Click Headshot,7.67,6.22,17.0,5.89,9.67,28.11,20.33,21.56,0.78,9.29,24.22,11.17,0.43,1.22,2.11,4z7t5KsfkxMC1PdOLgog4V,,,,,tracks/4z7t5KsfkxMC1PdOLgog4V.mp3,electronic
666,718,718,719,Lana Del Rey,Video Games,41.86,42.29,55.86,52.36,36.79,11.57,34.21,8.86,31.86,45.83,22.89,20.36,0.85,4.14,4.21,24jvD83UgLmrdGjhWTFslY,,,,,tracks/24jvD83UgLmrdGjhWTFslY.mp3,pop
667,719,719,720,Imogen Heap,Loose Ends,5.14,5.57,12.0,18.71,4.0,32.14,21.43,21.43,8.0,9.09,26.79,14.71,0.67,1.14,2.14,48Z9C1l1LfgpPxuQpfW2n6,,,,,tracks/48Z9C1l1LfgpPxuQpfW2n6.mp3,electronic
668,720,720,721,Swing Out Sister,You On My Mind,0.0,11.5,9.62,11.5,19.75,25.12,8.5,10.38,2.62,10.47,16.81,6.5,0.3,1.0,2.0,4uYeKlfkLQMubZ9FhcbDfP,,,,,tracks/4uYeKlfkLQMubZ9FhcbDfP.mp3,jazz
669,721,721,722,Burial,Broken Home,6.0,11.92,11.31,0.0,9.46,2.62,8.08,35.77,3.23,7.74,5.35,19.5,0.7,1.0,1.38,69P4h7GB5xQlIU6v1Qv7GN,,,,,tracks/69P4h7GB5xQlIU6v1Qv7GN.mp3,electronic
670,722,722,723,Doris Day,Dream a Little Dream of Me,25.0,11.54,62.69,62.38,58.38,13.62,6.38,3.0,20.23,44.0,10.0,11.62,0.94,3.23,3.69,2HyPrPSANTIPkR6CfiytwY,,,,,tracks/2HyPrPSANTIPkR6CfiytwY.mp3,jazz
671,723,723,724,Geri Halliwell,Love Never Loved Me,22.1,17.2,10.9,27.4,8.5,41.2,34.8,4.4,5.2,17.22,38.0,4.8,0.75,1.2,2.4,2s7DRQ5KxfMd4p53VH0viU,,,,,tracks/2s7DRQ5KxfMd4p53VH0viU.mp3,pop
672,724,724,725,Legiï¿½o Urbana,Meninos E Meninas,13.69,20.08,26.38,13.46,6.92,31.54,22.31,15.69,3.23,16.11,26.92,9.46,0.54,1.08,2.38,22LN0RwHqTUJcIN4dzzB6N,,,,,tracks/22LN0RwHqTUJcIN4dzzB6N.mp3,rock
673,725,725,726,Kylie Minogue,Did It Again,13.12,11.65,25.29,13.18,17.12,33.65,14.71,9.18,4.76,16.07,24.18,6.97,0.7,1.41,2.65,06N6MhUlurBOamI1rK9u2U,,,,,tracks/06N6MhUlurBOamI1rK9u2U.mp3,pop
674,726,726,727,Ladyhawke,My Delirium,14.36,7.29,25.07,12.07,13.64,47.07,48.14,7.79,7.64,14.49,47.61,7.71,0.87,1.21,3.29,3vqSWOEMO4OOxa2QJHuitI,,,,,tracks/3vqSWOEMO4OOxa2QJHuitI.mp3,pop
675,727,727,728,Alana Davis,32 Flavors,15.71,9.53,8.41,18.71,22.47,15.06,12.29,6.88,7.71,14.96,13.68,7.29,0.52,1.0,2.12,3o5dmw1M6ugfLpva7yTyDr,,,,,tracks/3o5dmw1M6ugfLpva7yTyDr.mp3,rock
676,728,728,729,Frank Sinatra,Fly Me to the Moon,30.18,13.82,27.91,43.82,20.55,41.91,19.91,6.09,2.09,27.25,30.91,4.09,0.83,2.0,3.36,5b7OgznPJJr1vHNYGyvxau,,,,,tracks/5b7OgznPJJr1vHNYGyvxau.mp3,jazz
677,729,729,730,Mayday Parade,Even Robots Need Blankets,18.62,19.38,40.38,33.12,17.62,25.25,21.12,4.25,14.75,25.82,23.19,9.5,0.63,1.0,2.62,1NivdSEUqwvnC6MzO8VZiG,,,,,tracks/1NivdSEUqwvnC6MzO8VZiG.mp3,rock
678,730,730,731,Breathe Carolina,Edge of Heaven,8.07,10.0,12.79,4.07,4.93,19.86,29.29,30.5,4.07,7.97,24.57,17.29,0.78,1.14,2.0,4ZAqYMCngGjxr4sFGlowiy,,,,,tracks/4ZAqYMCngGjxr4sFGlowiy.mp3,electronic
679,731,731,732,Stevie Nicks,Ghosts,4.3,3.8,12.8,1.0,6.2,12.9,20.8,40.4,0.0,5.62,16.85,20.2,0.8,1.1,2.0,6Cy4g8vU4WZJFYgwsAcG6K,,,,,tracks/6Cy4g8vU4WZJFYgwsAcG6K.mp3,rock
680,732,732,733,Eva Cassidy,True Colors,18.29,13.14,44.93,24.21,37.79,22.36,10.36,0.5,14.07,27.67,16.36,7.29,0.82,1.93,2.79,7iYvpjSQ9OuXTAMGSRiLJZ,,,,,tracks/7iYvpjSQ9OuXTAMGSRiLJZ.mp3,jazz
681,733,733,734,Michael Bublï¿½,Come Fly With Me,24.92,20.0,42.17,43.25,35.75,41.17,14.0,1.75,8.5,33.22,27.58,5.12,0.89,2.92,3.08,2Cakl6tRkLxccrnqJdvGpu,,,,,tracks/2Cakl6tRkLxccrnqJdvGpu.mp3,jazz
682,734,734,735,Missy Higgins,Scar,9.33,2.25,10.42,17.33,16.25,25.08,10.08,4.83,2.83,11.12,17.58,3.83,0.67,1.58,2.92,1GUZZ8Z04qoRLtcCYkYxIM,,,,,tracks/1GUZZ8Z04qoRLtcCYkYxIM.mp3,pop
683,735,735,736,Sting,Fields of Gold,32.09,14.45,36.09,36.73,38.55,28.91,8.09,6.82,19.82,31.58,18.5,13.32,0.72,2.82,3.18,0I1DJdLt9BKOb7GWmWxCjo,,,,,tracks/0I1DJdLt9BKOb7GWmWxCjo.mp3,rock
684,736,736,737,Avril Lavigne,Girlfriend,11.08,13.83,37.0,20.08,9.08,57.58,43.25,15.92,2.08,18.22,50.42,9.0,0.89,2.67,3.25,45hOioMDJktr86iKDHC8gr,,,,,tracks/45hOioMDJktr86iKDHC8gr.mp3,pop
685,737,737,738,Boys Like Girls,Thunder,26.53,12.94,30.94,29.76,27.41,22.0,16.35,4.94,20.53,25.52,19.18,12.74,0.59,1.76,2.88,1MrNveiYvWyKNAMiqn8xS8,,,,,tracks/1MrNveiYvWyKNAMiqn8xS8.mp3,rock
686,738,738,739,Candlemass,The Ebony Throne,8.73,15.13,17.53,1.93,0.13,6.47,23.73,31.33,11.27,8.69,15.1,21.3,0.73,1.33,2.27,710qdYprxjsTDzCyW2xUWQ,,,,,tracks/710qdYprxjsTDzCyW2xUWQ.mp3,rock
687,739,739,740,Nat King Cole,Orange Colored Sky,37.4,14.5,52.3,32.3,22.4,37.3,36.2,13.4,3.0,31.78,36.75,8.2,0.76,2.2,2.9,6fUDNcmsnnUVyOtEnA9xdC,,,,,tracks/6fUDNcmsnnUVyOtEnA9xdC.mp3,jazz
688,740,740,741,Ella Fitzgerald,Dream A Little Dream Of Me,31.47,27.2,48.93,47.67,49.87,18.2,10.2,4.4,16.8,41.03,14.2,10.6,0.9,2.6,3.53,78MI7mu1LV1k4IA2HzKmHe,,,,,tracks/78MI7mu1LV1k4IA2HzKmHe.mp3,jazz
689,741,741,742,"Earth, Wind & Fire",Mighty Mighty,9.47,2.73,11.13,1.47,4.67,23.67,19.8,21.2,0.87,5.89,21.73,11.03,0.73,1.27,2.4,3HFGDi2zGIgdXTocV5k2cs,,,,,tracks/3HFGDi2zGIgdXTocV5k2cs.mp3,funk_soul
690,742,742,743,Selena Gomez,Love You Like a Love Song,26.0,17.91,37.45,33.36,14.73,37.55,23.0,9.64,7.55,25.89,30.27,8.59,0.61,2.64,3.0,0laYHRpNTS6i8FXdupHkJ4,,,,,tracks/0laYHRpNTS6i8FXdupHkJ4.mp3,pop
691,743,743,744,Phoenix,1901,15.06,10.31,24.12,4.88,4.38,50.38,26.0,7.62,3.5,11.75,38.19,5.56,0.86,1.94,3.06,3FM33HqRlV7J1QJoPOnd2u,,,,,tracks/3FM33HqRlV7J1QJoPOnd2u.mp3,pop
692,744,744,745,C.C. Catch,Strangers By Night,24.35,18.18,43.41,25.47,11.53,32.06,25.82,14.06,17.82,24.59,28.94,15.94,0.72,1.65,2.76,2fkWRtyjRGehSPjfWPxSjC,,,,,tracks/2fkWRtyjRGehSPjfWPxSjC.mp3,pop
693,745,745,746,Chico Buarque,Tatuagem,15.46,6.38,10.46,19.46,41.46,7.38,1.69,7.54,8.85,18.65,4.54,8.19,0.81,1.0,2.31,2eNz0RVTnVhleCBrZETeDG,,,,,tracks/2eNz0RVTnVhleCBrZETeDG.mp3,jazz
694,746,746,747,Edu Lobo,Candeias,29.0,19.59,29.14,37.91,57.23,10.95,9.27,2.41,17.82,34.57,10.11,10.11,0.93,1.0,2.95,50dHwlPsvC4Gp16DifoPOl,,,,,tracks/50dHwlPsvC4Gp16DifoPOl.mp3,jazz
695,747,747,748,Annie,Hold On,16.1,11.1,11.0,13.1,38.1,24.7,21.3,13.2,18.7,17.88,23.0,15.95,0.58,1.0,2.5,3yvL51i2yIXfPAQiquQKbK,,,,,tracks/3yvL51i2yIXfPAQiquQKbK.mp3,pop
696,748,748,749,Jamie Cullum,Mind Trick,29.0,16.9,43.9,29.8,48.8,46.4,24.8,7.3,3.6,33.68,35.6,5.45,0.83,1.5,3.1,1rLs5c68LOspqWKcCMdXKO,,,,,tracks/1rLs5c68LOspqWKcCMdXKO.mp3,jazz
697,749,749,750,Frenzal Rhomb,Never Had So Much Fun,15.35,13.76,29.71,3.06,9.29,63.65,43.82,14.06,0.0,14.24,53.74,7.03,0.94,1.41,2.88,6M8EOu8P6cWMrJDPupNip1,,,,,tracks/6M8EOu8P6cWMrJDPupNip1.mp3,rock
698,750,750,751,Sia,Don't Bring Me Down,16.12,18.12,19.12,16.47,16.29,8.18,11.24,11.59,38.82,17.22,9.71,25.21,0.79,1.59,2.76,4XSBnZBRdrIQzbIvmysvuC,,,,,tracks/4XSBnZBRdrIQzbIvmysvuC.mp3,electronic
699,751,751,752,Suzanne Vega,In Liverpool,17.65,19.59,26.35,17.94,18.29,16.47,19.24,10.88,21.47,19.96,17.85,16.18,-0.67,1.24,2.65,6HHspSEn21kZStPP4BN1xB,,,,,tracks/6HHspSEn21kZStPP4BN1xB.mp3,rock
700,752,752,753,Anathema,Don't Look Too Far,12.8,22.2,21.4,19.0,24.2,7.7,17.4,5.3,23.4,19.92,12.55,14.35,-0.05,1.3,2.3,1FBakgw7zFrcV2eT6w3FZD,,,,,tracks/1FBakgw7zFrcV2eT6w3FZD.mp3,rock
701,753,753,754,Avril Lavigne,SpongeBob SquarePants Theme,4.06,1.94,25.94,0.12,9.12,38.65,27.35,20.35,3.76,8.24,33.0,12.06,0.86,3.0,2.18,0il663f3f63cvsRJtGmdO2,,,,,tracks/0il663f3f63cvsRJtGmdO2.mp3,rock
702,754,754,755,Halsey,Now or Never,10.69,14.77,7.92,20.69,18.54,17.0,16.15,14.23,9.92,14.52,16.58,12.08,-0.45,1.38,2.62,7i2DJ88J7jQ8K7zqFX2fW8,,,,,tracks/7i2DJ88J7jQ8K7zqFX2fW8.mp3,electronic
703,755,755,756,Lykke Li,I Follow Rivers,18.25,21.33,14.42,28.83,38.08,33.83,23.5,9.17,15.25,24.18,28.67,12.21,0.58,1.83,2.75,4Jv7lweGIUOFQ7Oq2AtAh9,,,,,tracks/4Jv7lweGIUOFQ7Oq2AtAh9.mp3,pop
704,756,756,757,Frank Sinatra,Like Someone in Love,38.3,22.8,61.3,68.3,62.3,29.3,21.8,7.6,26.2,50.6,25.55,16.9,0.87,1.7,3.3,0CaqEVnLB5plVzrlrMjfKT,,,,,tracks/0CaqEVnLB5plVzrlrMjfKT.mp3,jazz
705,757,757,758,Tove Lo,Not On Drugs (Ali Payami Remix),35.45,13.91,28.09,20.09,11.0,26.91,35.27,7.73,11.55,21.71,31.09,9.64,0.57,1.18,3.0,3LIwnakr43o8zMLnsHVye9,,,,,tracks/3LIwnakr43o8zMLnsHVye9.mp3,funk_soul
706,758,758,759,Yonderboi,Before you snap,21.33,13.44,8.44,0.44,8.33,2.56,23.72,38.39,8.56,10.4,13.14,23.47,0.82,1.0,2.06,1a9F0TEZ5fO4yWj0g9wojX,,,,,tracks/1a9F0TEZ5fO4yWj0g9wojX.mp3,electronic
707,759,759,760,Nara Leï¿½o,Acender As Velas,16.0,17.39,28.61,24.17,30.65,21.39,5.65,6.35,9.3,23.37,13.52,7.83,0.79,1.22,2.65,51WPyWMsRCsQL1rLd0D6EO,,,,,tracks/51WPyWMsRCsQL1rLd0D6EO.mp3,jazz
708,760,760,761,Crystal Castles,Pap Smear,17.18,19.09,6.91,5.73,9.36,13.36,19.73,27.73,6.18,11.65,16.55,16.95,0.44,1.18,2.0,2RuNFmIS9tzrEMRBeVFt5c,,,,,tracks/2RuNFmIS9tzrEMRBeVFt5c.mp3,electronic
709,761,761,762,Delerium,Silence (feat. Sarah McLachlan),17.38,18.19,12.29,2.81,5.48,17.57,19.43,19.62,7.62,11.23,18.5,13.62,0.6,1.62,2.52,3oVnbdWg48ZrmsUAQQUKbU,,,,,tracks/3oVnbdWg48ZrmsUAQQUKbU.mp3,electronic
710,762,762,763,Count Basie,Shiny Stockings,15.8,14.2,35.27,16.2,53.8,22.53,1.6,5.0,2.13,27.05,12.07,3.57,0.92,1.53,3.6,5JZoHrIGklz4iUlUNjMBcs,,,,,tracks/5JZoHrIGklz4iUlUNjMBcs.mp3,jazz
711,763,763,764,Chico Buarque,Construï¿½ï¿½o,9.14,13.81,12.24,3.67,8.95,9.19,11.38,29.76,10.95,9.56,10.29,20.36,0.64,1.0,1.81,3FIuBxOxuQ6kYy8JO0gq2a,,,,,tracks/3FIuBxOxuQ6kYy8JO0gq2a.mp3,jazz
712,764,764,765,Stan Getz,Sï¿½ Danï¿½o Samba,23.21,12.07,24.36,8.64,28.36,32.93,19.5,11.21,1.43,19.33,26.21,6.32,0.7,1.29,2.71,5je0CDv1Z1hT82Nek1Fjhl,,,,,tracks/5je0CDv1Z1hT82Nek1Fjhl.mp3,jazz
713,765,765,766,Cathedral,Hopkins (The Witchfinder General),14.3,9.2,8.5,0.0,10.5,30.4,59.5,21.7,2.7,8.5,44.95,12.2,0.84,1.0,2.6,2BiEmhDluMGJyfG0Dd061S,,,,,tracks/2BiEmhDluMGJyfG0Dd061S.mp3,rock
714,766,766,767,Lighthouse Family,Ain't No Sunshine,38.82,23.18,50.0,31.73,31.09,22.91,12.45,9.0,31.18,34.96,17.68,20.09,0.69,3.73,3.91,435rQGMojc5C6xJbtjeynu,,,,,tracks/435rQGMojc5C6xJbtjeynu.mp3,funk_soul
715,767,767,768,Demi Lovato,Without the Love,9.69,6.08,20.0,15.85,7.38,25.77,35.77,19.15,21.62,11.8,30.77,20.38,0.71,1.54,2.69,4YD5RuRjByJ6Sz0srp5Aii,,,,,tracks/4YD5RuRjByJ6Sz0srp5Aii.mp3,pop
716,768,768,769,Amy Winehouse,Know You Now,14.84,13.16,23.11,11.53,15.74,18.37,16.84,13.63,23.79,15.67,17.61,18.71,-0.04,1.21,2.47,0UVTzpqtuQpuZCd7ZeZeTj,,,,,tracks/0UVTzpqtuQpuZCd7ZeZeTj.mp3,jazz
717,769,769,770,The Jacksons,Blame It on the Boogie,31.73,25.82,46.09,21.64,15.0,71.09,50.55,6.73,0.0,28.05,60.82,3.36,0.88,2.27,3.64,3qI94hINNNeb4S7xQi18lS,,,,,tracks/3qI94hINNNeb4S7xQi18lS.mp3,funk_soul
718,770,770,771,Bjï¿½rk,Enjoy,24.75,17.81,17.62,14.06,7.38,14.81,35.44,46.0,8.0,16.32,25.12,27.0,0.79,1.25,2.38,6JQVN9gi04NCK1tiz0aQA1,,,,,tracks/6JQVN9gi04NCK1tiz0aQA1.mp3,electronic
719,771,771,772,Beck,Tropicalia,19.62,15.31,26.85,18.92,11.69,27.0,15.46,8.69,2.69,18.48,21.23,5.69,0.63,1.54,2.92,6rx6Ew1sday1KvsnD4HNdI,,,,,tracks/6rx6Ew1sday1KvsnD4HNdI.mp3,jazz
720,772,772,773,Eliane Elias,Call Me,20.5,15.14,30.29,37.79,44.0,13.5,5.86,3.0,11.64,29.54,9.68,7.32,0.88,1.36,2.21,5iRxI8g8AxrQe6EpKYMtdN,,,,,tracks/5iRxI8g8AxrQe6EpKYMtdN.mp3,jazz
721,773,773,774,Tok Tok Tok,Walk on the Wild Side,33.0,27.94,36.75,28.0,53.88,43.44,24.75,8.19,5.06,35.91,34.09,6.62,0.87,2.12,3.62,78G0LEqrs8HmEwhb75nYXQ,,,,,tracks/78G0LEqrs8HmEwhb75nYXQ.mp3,jazz
722,774,774,775,Who Is Fancy,GOODBYE,30.0,11.44,15.33,27.67,18.56,16.11,14.67,7.78,9.67,20.6,15.39,8.72,0.06,1.33,2.67,6K5xY7EabiBLjd2HuBQIak,,,,,tracks/6K5xY7EabiBLjd2HuBQIak.mp3,pop
723,775,775,776,Goldfrapp,Some People,25.46,8.46,28.54,26.77,24.23,10.77,12.69,16.69,25.0,22.69,11.73,20.85,0.45,1.46,3.0,0bB1VbAl9MctrLUOKf9WaS,,,,,tracks/0bB1VbAl9MctrLUOKf9WaS.mp3,electronic
724,776,776,777,Florence + the Machine,Dog Days Are Over,29.25,22.55,38.55,28.2,23.0,35.7,39.55,16.2,38.2,28.31,37.62,27.2,0.56,3.1,3.2,1YLJVmuzeM2YSUkCCaTNUB,,,,,tracks/1YLJVmuzeM2YSUkCCaTNUB.mp3,pop
725,777,777,778,John Mayer,Heartbreak Warfare,36.2,21.3,32.3,37.5,41.2,30.5,24.3,1.9,30.5,33.7,27.4,16.2,0.65,1.7,4.0,4gs07VlJST4bdxGbBsXVue,,,,,tracks/4gs07VlJST4bdxGbBsXVue.mp3,rock
726,778,778,779,Gnarls Barkley,St. Elsewhere,22.53,24.07,12.13,5.73,17.0,17.87,33.93,23.13,17.4,16.29,25.9,20.27,0.56,1.33,2.93,2N5zMZX7YeL1tico8oQxa9,,,,,tracks/2N5zMZX7YeL1tico8oQxa9.mp3,funk_soul
727,779,779,780,Belinda,Bailarï¿½a Sobre el Fuego,16.82,11.24,7.94,20.18,12.71,25.71,15.53,13.47,5.24,13.78,20.62,9.35,0.21,1.0,2.24,6OdBw3nV7nmGC5lSxf67p2,,,,,tracks/6OdBw3nV7nmGC5lSxf67p2.mp3,electronic
728,780,780,781,Incognito,Still A Friend Of Mine,15.85,16.62,16.77,23.0,19.38,24.23,14.31,10.54,5.08,18.32,19.27,7.81,0.3,1.08,2.15,5B23BmNt1R61I7b8iuB4jg,,,,,tracks/5B23BmNt1R61I7b8iuB4jg.mp3,jazz
729,781,781,782,Toto,Hold the Line,20.56,25.06,21.5,6.81,2.5,38.06,52.19,21.44,5.19,15.29,45.12,13.31,0.91,2.56,3.12,4aVuWgvD0X63hcOCnZtNFA,,,,,tracks/4aVuWgvD0X63hcOCnZtNFA.mp3,rock
730,782,782,783,Sam Smith,I'm Not the Only One,23.67,19.2,34.93,50.6,29.87,25.2,21.47,8.33,20.67,31.65,23.33,14.5,0.73,3.8,3.8,7795WJLVKJoAyVoOtCWqXN,,,,,tracks/7795WJLVKJoAyVoOtCWqXN.mp3,pop
731,783,783,784,Backstreet Boys,Larger Than Life,10.59,6.71,41.71,5.82,7.82,42.47,41.06,6.53,1.35,14.53,41.76,3.94,0.92,3.0,2.82,6sbXGUn9V9ZaLwLdOfpKRE,,,,,tracks/6sbXGUn9V9ZaLwLdOfpKRE.mp3,pop
732,784,784,785,Katatonia,Deliberation,11.95,8.75,14.65,3.15,2.7,13.2,25.45,40.3,14.2,8.24,19.32,27.25,0.88,1.05,2.05,3z7jm3G3rdp05oTzYWkHNi,,,,,tracks/3z7jm3G3rdp05oTzYWkHNi.mp3,rock
733,785,785,786,Basia,Drunk on Love,15.5,7.36,18.64,9.36,13.36,28.14,21.77,8.09,3.14,12.85,24.95,5.61,0.75,1.18,2.05,2oFMQdhYZUVd63DKRgJNVV,,,,,tracks/2oFMQdhYZUVd63DKRgJNVV.mp3,jazz
734,786,786,787,Summer Heart,I Wanna Go,23.92,31.38,32.15,16.23,26.31,33.0,17.69,6.85,12.69,26.0,25.35,9.77,0.62,1.31,3.0,3EA4HwrlLdDJ3b4cX7JfqC,,,,,tracks/3EA4HwrlLdDJ3b4cX7JfqC.mp3,pop
735,787,787,788,Chaka Khan,Tearin' It Up,23.0,18.36,27.21,15.07,13.43,43.0,32.86,13.64,6.93,19.41,37.93,10.29,0.78,1.5,2.93,7Hag038sye6QGKPZoJpXwU,,,,,tracks/7Hag038sye6QGKPZoJpXwU.mp3,funk_soul
736,788,788,789,Mc Wm,Fuleragem,6.0,9.18,5.24,1.94,3.76,28.82,27.12,35.53,0.0,5.22,27.97,17.76,0.88,1.24,1.88,6tuzPD1zPPvwMbGiD0TBay,,,,,tracks/6tuzPD1zPPvwMbGiD0TBay.mp3,funk_soul
737,789,789,790,Astrud Gilberto,Agua De Beber,7.46,4.46,22.92,17.15,38.0,21.08,2.31,1.77,8.23,18.0,11.69,5.0,0.83,1.85,2.85,3QKJELWORZZ7rUZDWeMWSA,,,,,tracks/3QKJELWORZZ7rUZDWeMWSA.mp3,jazz
738,790,790,791,Roberta Sï¿½,Fogo E Gasolina,12.83,2.58,9.38,6.17,8.58,40.04,16.0,6.04,1.12,7.91,28.02,3.58,0.91,1.04,2.42,3z29d3vubYNEBeuuo2e8vE,,,,,tracks/3z29d3vubYNEBeuuo2e8vE.mp3,jazz
739,791,791,792,Erykah Badu,Didn't Cha Know,11.5,10.5,24.2,25.9,37.9,21.1,3.7,1.7,8.8,22.0,12.4,5.25,0.72,2.0,3.5,7pv80uUHfocFqfTytu1MVi,,,,,tracks/7pv80uUHfocFqfTytu1MVi.mp3,funk_soul
740,792,792,793,The Fall of Every Season,From Below,2.78,9.67,1.72,0.22,1.06,7.78,30.5,47.22,3.44,3.09,19.14,25.33,0.92,1.11,1.72,6Cf2i3EYgQcglOmPcR3BDo,,,,,tracks/6Cf2i3EYgQcglOmPcR3BDo.mp3,rock
741,793,793,794,Nat King Cole,Aquellos Ojos Verdes,15.23,12.31,24.92,39.85,46.46,11.0,4.92,1.15,4.15,27.75,7.96,2.65,0.88,1.46,3.08,35uu4l4jYnCLMh88URXqoX,,,,,tracks/35uu4l4jYnCLMh88URXqoX.mp3,jazz
742,794,794,795,The Cinematic Orchestra,Time and Space,18.29,16.86,9.29,22.0,34.57,2.93,6.93,21.71,31.86,20.2,4.93,26.79,0.75,1.0,1.93,6qqNMdHr1hcyF4amMDP5Sf,,,,,tracks/6qqNMdHr1hcyF4amMDP5Sf.mp3,electronic
743,795,795,796,Shape of Despair,Descending Inner Night,18.25,22.94,12.88,5.94,16.25,10.06,36.31,50.62,16.31,15.25,23.19,33.47,0.83,1.0,2.06,6MlYQ2wTknOenhhYhofmdy,,,,,tracks/6MlYQ2wTknOenhhYhofmdy.mp3,rock
744,796,796,797,Lorde,Royals,17.58,20.08,46.33,22.58,25.33,45.42,41.83,14.42,10.42,26.38,43.62,12.42,0.73,4.67,4.0,2dLLR6qlu5UJ5gk0dKz0h3,,,,,tracks/2dLLR6qlu5UJ5gk0dKz0h3.mp3,pop
745,797,797,798,Knife Party,Bonfire,21.56,26.06,12.72,1.33,5.28,31.17,48.0,20.39,1.17,13.39,39.58,10.78,0.87,2.33,2.72,0QIYINh2AwmOmdu8CRYvlw,,,,,tracks/0QIYINh2AwmOmdu8CRYvlw.mp3,electronic
746,798,798,799,Jamie Woon,Shoulda,12.1,9.05,19.2,33.65,32.05,12.35,3.55,8.9,17.35,21.21,7.95,13.12,0.82,1.05,2.5,6I39hUKfIBsPBLX42jE3Dk,,,,,tracks/6I39hUKfIBsPBLX42jE3Dk.mp3,electronic
747,799,799,800,Chromeo,Bad Decision,13.53,7.33,12.0,4.93,7.87,61.27,48.2,17.27,0.2,9.13,54.73,8.73,0.96,1.67,3.33,0PIQF15Jp7HwouZPLqPj8b,,,,,tracks/0PIQF15Jp7HwouZPLqPj8b.mp3,funk_soul
748,800,800,801,Chaka Khan,La Flamme,3.19,2.81,21.48,10.76,5.67,23.86,28.86,21.29,0.43,8.78,26.36,10.86,0.79,1.19,2.29,2eov5RDWfwpixHgts4okh9,,,,,tracks/2eov5RDWfwpixHgts4okh9.mp3,funk_soul
749,801,801,802,Grace Jones,Scary But Fun,6.26,7.47,13.68,6.11,9.79,14.68,21.0,20.68,20.32,8.66,17.84,20.5,0.7,1.05,1.95,6ulf6TKwgoeKjNM7GPHmII,,,,,tracks/6ulf6TKwgoeKjNM7GPHmII.mp3,funk_soul
750,802,802,803,Diana Krall,The Look Of Love,27.93,11.64,38.71,39.64,46.5,15.71,4.21,1.57,11.36,32.89,9.96,6.46,0.89,1.57,2.57,3CDHydgW0ssTh59f0jy1y3,,,,,tracks/3CDHydgW0ssTh59f0jy1y3.mp3,jazz
751,803,803,804,Taylor Dayne,You Meant The World To Me,17.71,3.79,26.79,20.21,18.79,44.0,23.43,3.5,2.14,17.46,33.71,2.82,0.82,1.57,2.93,4GGKiv7YVIvwvGbbdcsmB1,,,,,tracks/4GGKiv7YVIvwvGbbdcsmB1.mp3,funk_soul
752,804,804,805,Simon Curtis,D.T.M.,8.36,11.64,10.5,5.0,7.5,20.14,40.71,44.5,2.5,8.6,30.43,23.5,0.85,1.43,2.14,6SmXooAqsXFWej4L1xlpsV,,,,,tracks/6SmXooAqsXFWej4L1xlpsV.mp3,electronic
753,805,805,806,Savage Garden,Hold Me,13.26,2.65,28.39,21.61,12.96,20.48,19.65,5.78,5.17,15.77,20.07,5.48,0.83,1.57,2.91,5z7UgjxvvKBTf3qZMDvddZ,,,,,tracks/5z7UgjxvvKBTf3qZMDvddZ.mp3,pop
754,806,806,807,Tï¿½lï¿½popmusik,Don't Look Back,22.14,22.0,20.79,18.71,25.71,10.86,6.0,14.36,9.86,21.87,8.43,12.11,0.23,1.14,2.43,6T1DyqY15fNj7F5FK4r5VR,,,,,tracks/6T1DyqY15fNj7F5FK4r5VR.mp3,electronic
755,807,807,808,Prince,Kiss,21.1,17.05,43.67,19.52,8.9,57.52,29.14,14.29,1.0,22.05,43.33,7.64,0.92,3.62,3.57,62LJFaYihsdVrrkgUOJC05,,,,,tracks/62LJFaYihsdVrrkgUOJC05.mp3,funk_soul
756,808,808,809,Blur,Girls & Boys,10.8,3.0,24.73,3.67,6.93,28.47,14.47,9.67,0.73,9.83,21.47,5.2,0.74,1.93,2.2,5CeL9C3bsoe4yzYS1Qz8cw,,,,,tracks/5CeL9C3bsoe4yzYS1Qz8cw.mp3,pop
757,809,809,810,Michael Kiwanuka,Rest,28.33,22.54,38.25,60.96,55.96,15.92,11.33,2.5,22.17,41.21,13.62,12.33,0.95,1.17,3.29,46ueNei78zAk47R2OOLInn,,,,,tracks/46ueNei78zAk47R2OOLInn.mp3,funk_soul
758,810,810,811,Ella Fitzgerald & Louis Armstrong,Cheek to Cheek,23.62,9.94,37.69,35.38,35.38,28.62,15.12,7.62,6.44,28.4,21.88,7.03,0.81,1.69,2.88,33jt3kYWjQzqn3xyYQ5ZEh,,,,,tracks/33jt3kYWjQzqn3xyYQ5ZEh.mp3,jazz
759,811,811,812,Usher,DJ Got Us Fallin' In Love,23.7,32.4,75.0,16.6,11.8,59.4,53.6,12.6,1.4,31.9,56.5,7.0,0.91,4.8,4.1,4356Typ82hUiFAynbLYbPn,,,,,tracks/4356Typ82hUiFAynbLYbPn.mp3,pop
760,812,812,813,Renee Olstead,A Love That Will Last,26.06,16.53,43.65,52.53,54.65,16.76,3.94,1.18,10.18,38.68,10.35,5.68,0.94,1.12,3.47,4bJbSERtCqK9D6DRUPMmMh,,,,,tracks/4bJbSERtCqK9D6DRUPMmMh.mp3,jazz
761,813,813,814,Elis Regina,Canto De Ossanha,8.45,5.35,20.35,15.8,19.45,19.55,11.45,10.2,6.65,13.88,15.5,8.43,0.51,1.05,2.0,7hli27iuIkMtJJMcLYou25,,,,,tracks/7hli27iuIkMtJJMcLYou25.mp3,jazz
762,814,814,815,Aretha Franklin,I Never Loved a Man (the Way I Love You),21.09,12.91,34.23,26.14,25.05,23.32,30.64,18.36,23.68,23.88,26.98,21.02,0.47,1.68,3.27,7s25THrKz86DM225dOYwnr,,,,,tracks/7s25THrKz86DM225dOYwnr.mp3,funk_soul
763,815,815,816,Alpine,Gasoline,17.47,14.88,19.29,17.18,27.41,23.0,18.41,4.82,6.71,19.25,20.71,5.76,0.55,1.12,2.94,1KHOOsJUHBy82PCZVV8Lmd,,,,,tracks/1KHOOsJUHBy82PCZVV8Lmd.mp3,pop
764,816,816,817,Kylie Minogue,Love at First Sight,12.2,9.6,12.2,11.47,4.47,44.53,33.0,14.93,0.27,9.99,38.77,7.6,0.89,2.33,2.87,6ua8mbyHXTHpAmGyGpFAS2,,,,,tracks/6ua8mbyHXTHpAmGyGpFAS2.mp3,pop
